ID,MA_CHINHANH,MA_CIC,MA_KHACHHANG,TEN_KHACHHANG,NGAY_MO_TAIKHOAN,NGAY_SINH,MA_GIAYTO,MA_LOAI_KHACHHANG,MA_LOAI_GIAYTO,NGAYCAP_GIAYTO,MA_NOICAP,DIACHI,NGAY_THANHLAP,QUY_MO_DOANHNGHIEP,VON_DIEULE,MA_TAIKHOAN_THANHTOAN,TEN_CHU_DOANHNGHIEP,ID_CHU_DOANHNGHIEP,MA_LOAIHINH_KHACHHANG,MA_NGANHNGHE_KINHTE
1,1302001,796688881,CIF0016926,CÔNG TY TNHH THƯƠNG MẠI CÚC HOA,7/4/2021,NULL,62088205,TC,ID03,1/19/2011,1,HA NOI,NULL,29,340000000,CASA0000-1,Lê Xuân Hưng,1773445633,7,410
2,1302002,796688882,CIF0002238,CÔNG TY CỔ PHẦN THƯƠNG MẠI VÀ ĐẦU TƯ PHÁT TRIỂN CÔN SƠN,11/21/2020,NULL,624075627,TC,ID03,7/23/2009,1,HA NOI,NULL,29,340000000,CASA0000-2,Nguyễn Trọng Khánh,1773445667,5,410
3,1302005,796688883,CIF0002607,CÔNG TY TNHH SÔNG GIANH,8/9/2021,NULL,626245805,TC,ID03,9/27/2014,1,HA NOI,NULL,78,830000000,CASA0000-3,Hoàng Văn Dương,1783445587,2,681
4,1302007,796688884,CIF0006005,DNTN THƯƠNG MẠI SÔNG ĐÀ,8/7/2021,NULL,621616615,TC,ID03,7/6/2009,1,HA NOI,NULL,81,860000000,CASA0000-4,Dương Đình Hảo,1773445630,5,682
5,1302007,796688885,CIF0006008,CÔNG TY CP KỸ THUẬT BẢO DƯỠNG TRƯỜNG THÀNH,8/2/2021,NULL,625014617,TC,ID03,5/17/2008,1,HA NOI,NULL,82,870000000,CASA0000-5,Nguyễn Thành Trung,1773445651,7,331
6,1302005,796688886,CIF0006026,CÔNG TY CỔ PHẦN TẬP ĐOÀN GANG THÉP THÁI NGUYÊN,9/3/2021,NULL,500582241,TC,ID03,7/18/1996,1,HA NOI,NULL,84,890000000,CASA0000-6,Đặng Thái Việt,1773445657,1,71
7,1302007,796688887,CIF0006108,CÔNG TY CP XĂNG DẦU QUỐC TẾ VIỆT NAM VIP,6/21/2020,NULL,500550742,TC,ID03,5/7/2003,1,HA NOI,NULL,85,900000000,CASA0000-7,Nguyễn Văn Giang,1773445663,5,91
8,1302007,796688888,CIF0006409,CÔNG TY TNHH BSR,4/26/2021,NULL,622050524,TC,ID03,7/22/2004,1,HA NOI,NULL,86,910000000,CASA0000-8,Mạc Thị Bích,1773445773,5,91
9,1302004,796688889,CIF0006601,CÔNG TY TNHH THƯƠNG MẠI LÊ DUNG,11/4/2019,NULL,621288287,TC,ID03,10/27/2007,1,HA NOI,NULL,87,920000000,CASA0000-9,Phạm Văn Hùng,1773445617,7,682
10,1302001,7966888810,CIF0006599,CÔNG TY CP THƯƠNG MẠI KHANG PHÁT,3/20/2020,NULL,805000457,TC,ID03,12/2/2007,34,Thành phố Thái Bình,NULL,100,1000000000,CASA0000-10,Nguyễn Trọng Lương,1773445605,6,410
11,1302003,7966888811,CIF0002240,DNTN CHẾ BIẾN NÔNG SẢN GIA VIỄN,1/25/2019,NULL,506200552,TC,ID03,5/14/2007,1,HA NOI,NULL,102,1070000000,CASA0000-11,Nguyễn Đình Dương,1783445584,5,13
12,1302003,7966888812,CIF0006471,CÔNG TY CP TẬP ĐOÀN THỊNH HÒA,11/11/2019,NULL,64520000,TC,ID03,8/3/2007,1,HA NOI,NULL,102,1070000000,CASA0000-12,Trần Đăng Quốc,1773445645,5,439
13,1302001,7966888813,CIF0006612,CTY TNHH VẬN TẢI HPG,11/12/2019,NULL,6200417055,TC,ID03,7/9/2007,79,HO CHI MINH,NULL,107,1070000000,CASA0000-13,Nguyễn Đức Hiền,1773445594,7,501
14,1302003,7966888814,CIF0015679,CÔNG TY TNHH NINH HIỆP,8/19/2020,NULL,500600622,TC,ID03,12/8/2008,1,HA NOI,NULL,118,1230000000,CASA0000-14,Phan Anh Cang,1773445661,3,439
15,1302003,7966888815,CIF0015903,CÔNG TY TNHH TM VÀ DV CHÂU ĐỐC,10/1/2019,NULL,625426188,TC,ID03,2/26/2009,1,HA NOI,NULL,119,1240000000,CASA0000-15,Đặng Phước Vinh,1773445658,3,439
16,1302003,7966888816,CIF0016336,CÔNG TY CỔ PHẦN KIẾN TRÚC XANH,1/17/2022,NULL,621856842,TC,ID03,5/25/2006,1,HA NOI,NULL,120,1250000000,CASA0000-16,Hà Minh Hoàng,1773445666,7,439
17,1302003,7966888817,CIF0016819,CÔNG TY TNHH LẮP MÁY SIS,11/11/2019,NULL,625428164,TC,ID03,2/27/2009,1,HA NOI,NULL,121,1260000000,CASA0000-17,Nguyễn Anh Tú,1773445653,3,332
18,1302003,7966888818,CIF0017047,CÔNG TY CP TƯ VẤN VÀ ĐẦU TƯ ĐỖ ĐẠT,11/19/2019,NULL,625022184,TC,ID03,1/28/2008,1,HA NOI,NULL,122,1270000000,CASA0000-18,Nguyễn Thị Thu,1773445649,3,439
19,1302003,7966888819,CIF0018480,CÔNG TY TNHH AMZ,8/5/2022,NULL,4800552857,TC,ID03,10/12/2009,2,HA GIANG,NULL,127,1370000000,CASA0000-19,Trương Xuân Hữu,1783445575,83,439
20,46302001,7966888820,CIF0019103,CÔNG TY CỔ PHẦN ĐẦU TƯ LDG,5/18/2022,NULL,5400255887,TC,ID03,12/25/2009,17,HOA BINH,NULL,57,1420000000,CASA0000-20,Phạm Thị Bích,1783445577,83,421
21,1302003,7966888821,CIF0018479,CÔNG TY CP KHAI THÁC ĐÁ TÂY NINH,3/18/2023,NULL,4800167186,TC,ID03,4/3/2008,4,Tây Ninh,NULL,130,1500000000,CASA0000-21,Nguyễn Văn Chương,1623445574,3,81
22,31302001,7966888822,CIF0016290,CÔNG TY TNHH THƯƠNG MẠI ĐẠI NAM,3/6/2020,NULL,200427180,TC,ID03,6/13/2001,31,HAI PHONG,NULL,59,2140000000,CASA0000-22,Trần Xuân Tú,1773615676,7,301
23,31302001,7966888823,CIF0020178,CÔNG TY CP VẬN TẢI BIỂN ĐẠI DƯƠNG,3/4/2018,NULL,200118865,TC,ID03,12/27/2006,31,HAI PHONG,NULL,60,2150000000,CASA0000-23,Lê Chí Ngọc,1773445672,1,501
24,31302001,7966888824,CIF0020181,CÔNG TY CP HỢP TÁC LAO ĐỘNG CHÂU ÂU,6/19/2018,NULL,200544784,TC,ID03,3/24/1999,31,HAI PHONG,NULL,61,2160000000,CASA0000-24,Võ Nguyễn Quốc Bảo,1773445674,5,781
25,31302001,7966888825,CIF0020246,CÔNG TY CP VẬN TẢI BIỂN VOS,12/17/2019,NULL,200626480,TC,ID03,1/1/2008,31,HAI PHONG,NULL,62,2170000000,CASA0000-25,Trần Cao Trưởng,1773445673,82,521
26,1302004,7966888826,CIF0002837,CÔNG TY CP THƯƠNG MẠI ĐẦU TƯ ĐÁ PHẤN,1/12/2020,NULL,625016542,TC,ID03,3/23/2007,1,HA NOI,NULL,218,2230000000,CASA0000-26,Trần Anh Sơn,1773445646,5,81
27,1302004,7966888827,CIF0002592,CÔNG TY CPĐT VÀ XD  SÔNG LAM,1/30/2019,NULL,625002585,TC,ID03,6/13/2003,1,HA NOI,NULL,221,2260000000,CASA0000-27,Nguyễn Phụ Thượng Lưu,1773445635,3,410
28,1302004,7966888828,CIF0002560,CÔNG TY CP SX VÀ ĐT VIỆT GAP,4/29/2019,NULL,625018462,TC,ID03,9/10/2007,1,HA NOI,NULL,224,2290000000,CASA0000-28,Nguyễn Hồng Thái,1773445647,83,16
29,1302004,7966888829,CIF0001951,CÔNG TY CP ĐẦU TƯ PHÁT TRIỂN ĐÔ THỊ SDA,7/24/2021,NULL,621588461,TC,ID03,8/8/2003,1,HA NOI,NULL,227,2320000000,CASA0000-29,Vũ Ngọc Pi,1773445619,81,410
30,1302001,7966888830,CIF0006677,CÔNG TY TNHH DỊCH VỤ THƯƠNG MẠI VĂN HÓA,11/25/2019,NULL,6200588086,TC,ID03,9/6/2006,34,THAI BINH,NULL,62,2320000000,CASA0000-30,Nguyễn Ngọc Hải,1773445593,5,410
31,1302001,7966888831,CIF0006722,CÔNG TY CP VẬN TẢI VÀ THƯƠNG MẠI HỒ TRÀM,12/3/2019,NULL,6200558854,TC,ID03,9/1/2005,34,THAI BINH,NULL,62,2320000000,CASA0000-31,Lê Khánh Điền,1773445776,5,521
32,1302003,7966888832,CIF0007061,CÔNG TY TNHH MTV THẮNG LỢI,1/7/2020,NULL,5400554728,TC,ID03,12/11/2009,17,HOA BINH,NULL,149,2340000000,CASA0000-32,Nguyễn Duy Hàm,1773445664,3,439
33,34302001,7966888833,CIF0003012,CÔNG TY TNHH TRẦN QUỐC TUẤN,10/19/2020,NULL,23986578889,TC,ID03,7/17/2007,34,THAI BINH,NULL,67,2370000000,CASA0000-33,Lưu Xuân Quang,1773445591,7,491
34,34302001,7966888834,CIF0006606,CÔNG TY CỔ PHẦN THƯƠNG MẠI TNG,3/20/2020,NULL,6200426085,TC,ID03,11/23/2007,34,THAI BINH,NULL,68,2380000000,CASA0000-34,Nguyễn Trọng Ngữ,1773445595,82,141
35,34302001,7966888835,CIF0015931,CÔNG TY TNHH DỊCH VỤ HÀNG KHÔNG,11/16/2019,NULL,802006275,TC,ID03,12/5/2007,34,THAI BINH,NULL,70,2400000000,CASA0000-35,Nguyễn Thị Kim Đông,1773445592,4,491
36,36302001,7966888836,CIF0006637,CTY CP VẬN TẢI BIỂN TƯƠI MỚI,10/6/2020,NULL,6200412868,TC,ID03,2/1/2007,34,THAI BINH,NULL,71,2410000000,CASA0000-36,Phạm Thị Hồng Tiến,1783445590,7,501
37,1343001,7966888837,CIF0001296,CÔNG TY TNHH THƯƠNG MẠI KHANG ĐIỀN,7/26/2021,NULL,621802540,TC,ID03,3/24/2006,1,HA NOI,NULL,237,2420000000,CASA0000-37,Lê Minh Thái,1773445770,1,291
38,1302007,7966888838,CIF0017175,CÔNG TY TNHH CHIẾU XẠ AN PHÚ,6/11/2018,NULL,622004082,TC,ID03,12/12/2001,1,HA NOI,NULL,241,2460000000,CASA0000-38,Phạm Đình Bá,1773445772,7,282
39,31302002,7966888839,CIF0006780,CÔNG TY TNHH VẬN TẢI VÀ THƯƠNG MẠI PHÚ ĐẠT  ,1/10/2024,NULL,702000862,TC,ID03,11/1/2004,36,NAM DINH,NULL,68,2480000000,CASA0000-39,Bùi Phan Thu Hằng,1773445597,7,491
40,1302007,7966888840,CIF0016433,CTY TNHH ĐT XD VÀ TM RỒNG VIỆT,1/5/2020,NULL,621752566,TC,ID03,8/17/2005,1,HA NOI,NULL,245,2500000000,CASA0000-40,Trịnh Văn Hải,1773445779,3,692
41,1302007,7966888841,CIF0015516,CÔNG TY TNHH HÒA QUYẾT,5/26/2023,NULL,620852882,TC,ID03,2/13/1999,1,HA NOI,NULL,249,2540000000,CASA0000-41,Nguyễn Tuấn Nghĩa,1773445639,7,291
42,1302007,7966888842,CIF0002593,CÔNG TY CỔ PHẦN TRƯỜNG AN,10/21/2019,NULL,625002815,TC,ID03,9/26/2003,1,HA NOI,NULL,256,2610000000,CASA0000-42,Nguyễn Hữu Lộc,1773445618,9,107
43,1302007,7966888843,CIF0002233,CÔNG TY TNHH ĐẦU TƯ THƯƠNG MẠI ẤN HẰNG,2/13/2021,NULL,622602880,TC,ID03,1/4/2008,1,HA NOI,NULL,260,2650000000,CASA0000-43,Nguyễn Đức Ngọc,1773445642,6,106
44,1302007,7966888844,CIF0006231,CÔNG TY CP XÂY DỰNG LONG HOÀNG,8/7/2020,NULL,622000464,TC,ID03,5/5/2006,1,HA NOI,NULL,261,2660000000,CASA0000-44,Nguyễn Thành Hùng,1773445632,7,282
45,1302003,7966888845,CIF0002587,CÔNG TY TNHH SAO MAI,10/8/2019,NULL,2400288005,TC,ID03,10/22/2003,24,BAC GIANG,NULL,148,2680000000,CASA0000-45,Trần Hoài Trung,1783445578,5,410
46,31302001,7966888846,CIF0007317,CÔNG TY TNHH TOÀN THẮNG,7/8/2014,NULL,200145122,TC,ID03,4/19/2010,31,HAI PHONG,NULL,118,2730000000,CASA0000-46,Trần Đức Tân,1773615675,5,682
47,1302006,7966888847,CIF0017637,CÔNG TY CP KHOÁNG SẢN VÀ XÂY DỰNG TNI,2/23/2020,NULL,625084688,TC,ID03,12/18/2008,1,HA NOI,NULL,272,2770000000,CASA0000-47,Ngô Minh Tuấn,1773445654,82,81
48,40302001,7966888848,CIF0017446, CÔNG TY CP THƯƠNG MẠI VÀ XÂY LẮP VNE,12/8/2018,NULL,2800548000,TC,ID03,7/21/2001,40,NGHE AN,NULL,78,2780000000,CASA0000-48,Trần Đức Hoàn,1773445599,4,439
49,1302005,7966888849,CIF0006011,CÔNG TY CP INOX HBC,5/5/2018,NULL,800272541,TC,ID03,11/21/2004,33,HUNG YEN,NULL,115,2800000000,CASA0000-49,Nông Thị Xuân,1783445586,5,71
50,30302001,7966888850,CIF0006870,CÔNG TY CP ĐẦU TƯ & DỊCH VỤ VIỄN THÔNG CACAO ,3/4/2020,NULL,622614048,TC,ID03,1/11/2008,1,HA NOI,NULL,286,2910000000,CASA0000-50,Lê Minh Nhựt,1773445644,81,611
51,1302001,7966888851,CIF0018471,CÔNG TY TNHH VT VÀ TM THÀNH ĐẠT,1/11/2021,NULL,5620516786,TC,ID03,4/14/2005,44,QUANG BINH,NULL,72,2920000000,CASA0000-51,Phạm Đức Hùng,1773445600,5,410
52,37302001,7966888852,CIF0002608,CÔNG TY TNHH XNK THỦ CÔNG GỖ TRƯỜNG THÀNH,6/2/2020,NULL,2700285822,TC,ID03,4/11/2005,37,NINH BINH,NULL,115,3000000000,CASA0000-52,Trần Thị Hoan,1773445598,6,161
53,46302001,7966888853,CIF0019102,CÔNG TY CỔ PHẦN ĐẦU TƯ BẮC KINH,5/16/2020,NULL,5500580884,TC,ID03,9/27/2005,46,THUA THIEN HUE,NULL,85,3150000000,CASA0000-53,Nguyễn Văn Huy,1773445601,6,642
54,1302007,7966888854,CIF0015406,CÔNG TY TNHH PHÁT TRIỂN THƯƠNG MẠI VÀ XÂY DỰNG  PHỔ YÊN,1/18/2020,NULL,624085805,TC,ID03,8/10/2009,1,HA NOI,NULL,322,3270000000,CASA0000-54,Huỳnh Xuân Hiệp,1773445659,5,410
55,1302002,7966888855,CIF0002248,CÔNG TY CP ASM,6/6/2021,NULL,800254255,TC,ID03,8/12/2009,33,HUNG YEN,NULL,166,3310000000,CASA0000-55,Trần Thị Ngọc,1783445585,5,32
56,1302002,7966888856,CIF0002266,CÔNG TY CP KẾT CẤU VÀ ĐƯỜNG ỐNG POMIHOA,6/20/2020,NULL,700487565,TC,ID03,5/27/2010,35,HA NAM,NULL,170,3450000000,CASA0000-56,Hà Xuân Bộ,1773445596,5,329
57,48302001,7966888857,CIF0002836,CÔNG TY TNHH HOÀN KIẾM,8/8/2020,NULL,4500468556,TC,ID03,7/6/2009,51,QUANG NGAI,NULL,92,3470000000,CASA0000-57,Nguyễn Lê Cường,1773615678,5,422
58,46302001,7966888858,CIF0019418,CÔNG TY CỔ PHẦN ĐẦU TƯ THIÊN HẠ,7/28/2019,NULL,5500588878,TC,ID03,11/19/2005,46,THUA THIEN HUE,NULL,134,3640000000,CASA0000-58,Đỗ Thị Kim Lành,1773445602,5,682
59,1302001,7966888859,CIF0014891,DNTN NGỌC LÂM,7/19/2017,NULL,5706200571,TC,ID03,11/19/2001,56,KHANH HOA,NULL,84,3640000000,CASA0000-59,Phạm Doãn Lân,1773445603,7,410
60,1302003,7966888860,CIF0018643,CÔNG TY CP ĐT PT BẮC PHÚ,4/2/2021,NULL,800825406,TC,ID03,8/23/2011,30,HAI DUONG,NULL,288,4380000000,CASA0000-60,Nguyễn Phi Lê,1773445668,83,410
61,1302004,7966888861,CIF0002968,CÔNG TY TNHH KỸ NGHỆ HOA QUẢ,11/9/2019,NULL,621572452,TC,ID03,5/20/2003,33,HUNG YEN,NULL,279,4440000000,CASA0000-61,Lê Thanh Long,1773445634,81,13
62,74302001,7966888862,CIF0015613,CÔNG TY CỔ PHẦN ĐẦU TƯ XÂY DỰNG VÀ KINH DOANH BẤT ĐỘNG SẢN THIÊN KHÔI,2/2/2019,NULL,5700756062,TC,ID03,8/15/2006,74,BINH DUONG,NULL,117,4870000000,CASA0000-62,Nguyễn Văn Sáng,1773445609,5,410
63,74343001,7966888863,CIF0001304,CÔNG TY TNHH SẢN XUẤT THƯƠNG MẠI SAB,3/15/2021,NULL,5700585402,TC,ID03,8/13/2011,74,BINH DUONG,NULL,120,4900000000,CASA0000-63,Tô Văn Phương,1773445608,5,107
64,75343001,7966888864,CIF0002315,CÔNG TY TNHH TRƯỜNG HẢI,5/29/2021,NULL,5600677815,TC,ID03,6/15/2014,75,DONG NAI,NULL,122,4970000000,CASA0000-64,Lâm Phước Thành,1773445611,5,429
65,79343001,7966888865,CIF0001301,CÔNG TY TNHH MTV PHÁT TRIỂN VIỆT NAM,7/9/2021,NULL,5800845245,TC,ID03,11/9/2009,72,TAY NINH,NULL,145,5050000000,CASA0000-65,Nguyễn Hoài Nam,1773445606,5,432
66,34302001,7966888866,CIF0006607,CÔNG TY CP VIỆT THUẬN,11/10/2019,NULL,6200548086,TC,ID03,7/9/2004,79,HO CHI MINH,NULL,114,5090000000,CASA0000-66,Phạm Thị Uyên,1783445588,7,501
67,77302001,7966888867,CIF0015977,CÔNG TY CP TM ĐỒNG NAI,3/21/2023,NULL,5500622788,TC,ID03,12/27/2004,77,BA RIA VUNG TAU,NULL,125,5100000000,CASA0000-67,Nguyễn Thiết,1773445612,5,421
68,1302004,7966888868,CIF0006013,CÔNG TY TNHH ĐẦU TƯ SẢN XUẤT VÀ THƯƠNG MẠI ĐẠI LẢI,7/5/2019,NULL,622052016,TC,ID03,9/11/2007,79,HO CHI MINH,NULL,120,5150000000,CASA0000-68,Vũ Dương,1773445777,81,451
69,74302001,7966888869,CIF0006617,CÔNG TY CỔ PHẦN TDC,6/1/2019,NULL,5700504585,TC,ID03,6/3/2003,79,HO CHI MINH,NULL,121,5160000000,CASA0000-69,Mai Thị Ngân,1773445607,5,429
70,1302004,7966888870,CIF0016307,CTY CP OCO-GROUP,6/16/2020,NULL,2500207584,TC,ID03,9/24/2007,27,BAC NINH,NULL,384,5190000000,CASA0000-70,Phạm Thanh Tùng,1783445581,5,471
71,79302001,7966888871,CIF0002570,CÔNG TY TNHH VẬN TẢI VÀ XD BETA,3/21/2020,NULL,504286745,TC,ID03,3/22/2006,79,HO CHI MINH,NULL,128,5230000000,CASA0000-71,Vũ Văn Phong,1773615692,82,429
72,79302001,7966888872,CIF0002595,CÔNG TY CP TM XNK EXPORT,6/1/2021,NULL,507771858,TC,ID03,3/20/2009,79,HO CHI MINH,NULL,129,5240000000,CASA0000-72,Nguyễn Hồng Quang,1773615693,82,501
73,79302001,7966888873,CIF0002885,CÔNG TY TNHH XD TM VŨ HOÀNG,10/14/2019,NULL,505478122,TC,ID03,1/29/2008,79,HO CHI MINH,NULL,130,5250000000,CASA0000-73,Hoàng Trọng Minh,1773615690,7,431
74,79302001,7966888874,CIF0006244,CTY TNHH SX XD DV XNK SÔNG NHUỆ,12/31/2019,NULL,4622025814,TC,ID03,8/3/2004,79,HO CHI MINH,NULL,131,5260000000,CASA0000-74,Vũ Văn Thắng,1773615696,5,429
75,79302001,7966888875,CIF0006596,CÔNG TY TNHH XÂY DỰNG SẢN XUẤT THƯƠNG MẠI V.X.T,10/11/2020,NULL,501446616,TC,ID03,3/29/1996,79,HO CHI MINH,NULL,132,5270000000,CASA0000-75,Đỗ Trung Hải,1773615682,5,429
76,79302001,7966888876,CIF0007033,CÔNG TY TNHH THƯƠNG MẠI - XUẤT NHẬP KHẨU - DỊCH VỤ IBC,1/3/2020,NULL,4622015615,TC,ID03,1/15/2003,79,HO CHI MINH,NULL,133,5280000000,CASA0000-76,Nguyễn Ngọc Tấn,1773445610,5,429
77,79302001,7966888877,CIF0008222,CÔNG TY CP ĐỊA ỐC FIRST REAL,6/13/2020,NULL,505226756,TC,ID03,3/31/2004,79,HO CHI MINH,NULL,134,5290000000,CASA0000-77,Phạm Ngọc Sơn,1773615694,82,439
78,79302001,7966888878,CIF0008223,CÔNG TY CP TƯ VẤN ĐẦU TƯ XÂY DỰNG VÀ THƯƠNG MẠI HOA NAM,6/13/2020,NULL,505065557,TC,ID03,7/5/2007,79,HO CHI MINH,NULL,136,5310000000,CASA0000-78,Trần Viết Thắng,1773615697,5,410
79,79302001,7966888879,CIF0008224,CÔNG TY CP ĐẦU TƯ ĐẠI BÁC,6/13/2020,NULL,504216152,TC,ID03,12/25/2009,79,HO CHI MINH,NULL,137,5320000000,CASA0000-79,Lương Duy Mạnh,1773615689,5,410
80,79302001,7966888880,CIF0008227,CÔNG TY CP TƯƠI MỚI,1/24/2022,NULL,505802574,TC,ID03,7/25/2005,79,HO CHI MINH,NULL,138,5330000000,CASA0000-80,Trần Thanh Sơn,1773615695,3,682
81,79302001,7966888881,CIF0011579,CÔNG TY CP VẬN TẢI VÀ WORLDCUP,4/21/2019,NULL,500448708,TC,ID03,12/31/2007,79,HO CHI MINH,NULL,139,5340000000,CASA0000-81,Trương Cao Dũng,1773615679,82,521
82,79302001,7966888882,CIF0017371,CÔNG TY CP ĐT SX TM DV TRẦN THỊ,3/4/2020,NULL,505052665,TC,ID03,10/21/2004,79,HO CHI MINH,NULL,140,5350000000,CASA0000-82,Dương Thanh Long,1773615687,6,431
83,79302001,7966888883,CIF0018956,CÔNG TY CỔ PHẦN VẬN TẢI DELEVERY,9/4/2016,NULL,501872564,TC,ID03,11/9/1999,79,HO CHI MINH,NULL,141,5360000000,CASA0000-83,Bùi Đức Hùng,1773615683,82,521
84,79302001,7966888884,CIF0018968,CÔNG TY CP VẬN TẢI  COLOMBO,12/30/2017,NULL,500442760,TC,ID03,6/27/2007,79,HO CHI MINH,NULL,142,5370000000,CASA0000-84,Ngô Minh Khoa,1773615685,5,501
85,79302002,7966888885,CIF0003032,CÔNG TY CP ĐẦU TƯ VÀ XUẤT NHẬP KHẨU CÀ PHÊ HAG,12/20/2019,NULL,6000581245,TC,ID03,12/31/2004,79,HO CHI MINH,NULL,143,5380000000,CASA0000-85,Nguyễn Thị Kim Liên,1773445604,5,16
86,79302003,7966888886,CIF0004296,CÔNG TY CP FURNITURE,8/30/2020,NULL,505028862,TC,ID03,6/7/2007,79,HO CHI MINH,NULL,144,5390000000,CASA0000-86,Đinh Thị Thái Mai,1773615688,5,24
87,79302003,7966888887,CIF0006457,CÔNG TY CP THƯƠNG MẠI VÀ ĐẦU TƯ DELTA,11/19/2018,NULL,505516121,TC,ID03,9/29/2004,79,HO CHI MINH,NULL,146,5410000000,CASA0000-87,Vũ Thị Thu Nga,1773615691,82,432
88,79302003,7966888888,CIF0006990,CÔNG TY TNHH THƯƠNG MẠI  XUẤT NHẬP KHẨU MAY MẶC TNG,4/21/2020,NULL,506524145,TC,ID03,1/2/2009,79,HO CHI MINH,NULL,147,5420000000,CASA0000-88,Đỗ Quang Thông,1773615698,6,139
89,79302004,7966888889,CIF0004499,CÔNG TY TNHH TM-DV&QC HẠNH PHÚC,3/17/2020,NULL,502878548,TC,ID03,3/5/2003,79,HO CHI MINH,NULL,148,5430000000,CASA0000-89,Phạm Nguyễn Thanh Loan,1773615686,3,422
90,79302005,7966888890,CIF0002591,CÔNG TY TNHH TM DV HOÀNG QUYÊN,12/7/2019,NULL,1458962000,TC,ID03,1/17/2011,79,HO CHI MINH,NULL,150,5450000000,CASA0000-90,Phan Trần Đăng Khoa,1773615684,3,429
91,79302005,7966888891,CIF0002884,CÔNG TY CP GẠCH HOA TIỀN PHONG,3/3/2017,NULL,500715584,TC,ID03,5/28/1998,79,HO CHI MINH,NULL,151,5460000000,CASA0000-91,Dương Minh Đức,1773615681,5,329
92,1302005,7966888892,CIF0002611,CÔNG TY TNHH SÔNG LÔ,4/4/2021,NULL,620255162,TC,ID03,7/7/2006,79,HO CHI MINH,NULL,158,5530000000,CASA0000-92,Ngô Hữu Mạnh,1773445636,3,681
93,24302001,7966888893,CIF0017757,CÔNG TY TNHH BÌNH ĐIỀN,7/4/2022,NULL,2400484028,TC,ID03,1/5/2010,24,BAC GIANG,NULL,463,5830000000,CASA0000-93,Lê Duy Tuấn,1773445655,3,301
94,1302005,7966888894,CIF0003011,CÔNG TY CP TM VÀ ĐT XD BĐS PHỐ HIẾN,7/16/2019,NULL,4568882104,TC,ID03,3/16/2009,1,HA NOI,NULL,591,5960000000,CASA0000-94,Nguyễn Hiếu Minh,1773445660,6,410
95,1302005,7966888895,CIF0002955,CTCP TẬP ĐOÀN THÁI NGUYÊN,12/3/2019,NULL,620567561,TC,ID03,5/19/2008,1,HA NOI,NULL,595,6000000000,CASA0000-95,Phạm Văn Bạch Ngọc,1773445640,7,501
96,1302005,7966888896,CIF0002949,CÔNG TY TNHH DTXD&TM MỸ LINH,12/9/2019,NULL,58789042411,TC,ID03,1/24/2007,1,HA NOI,NULL,599,6040000000,CASA0000-96,Nguyễn Huy Bích,1773445616,3,429
97,1302007,7966888897,CIF0006981,CÔNG TY CỔ PHẦN KHAI TÂM,8/27/2018,NULL,2400442581,TC,ID03,4/7/2009,24,BAC GIANG,NULL,487,6070000000,CASA0000-97,Nguyễn Kiên Trung,1783445579,7,291
98,89343002,7966888898,CIF0002311,CÔNG TY TNHH TM – DV ÂM NHẠC,7/5/2021,NULL,1600882708,TC,ID03,7/16/2007,89,AN GIANG,NULL,163,6080000000,CASA0000-98,Bùi Thị Thơm,1773445613,5,592
99,1302005,7966888899,CIF0002239,CÔNG TY TNHH VIỆT TRUNG,7/3/2020,NULL,621622821,TC,ID03,2/12/2000,1,HA NOI,NULL,603,6080000000,CASA0000-99,Nguyễn Đình Ngọc,1773445641,5,501
100,1302004,79668888100,CIF0018492,CÔNG TY CP THƯƠNG MẠI KHOÁNG SẢN ĐÁ XANH,10/10/2022,NULL,4800848225,TC,ID03,9/2/2012,4,CAO BANG,NULL,605,6250000000,CASA0000-100,Phạm Tuấn Minh,1773445669,4,81
101,92302001,79668888101,CIF0007289,CÔNG TY CỔ PHẦN VĨNH HOÀN,7/26/2020,NULL,1800751462,TC,ID03,12/18/2008,92,CAN THO,NULL,167,6270000000,CASA0000-101,Huỳnh Thanh Tới,1773445615,5,32
102,1302004,79668888102,CIF0018864, CÔNG TY TNHH KINH DOANH TƯƠI MỚI,8/24/2017,NULL,621845745,TC,ID03,12/22/2005,1,HA NOI,NULL,627,6320000000,CASA0000-102,Hoàng Mạnh Cường,1773445775,3,502
103,92302001,79668888103,CIF0015937,CÔNG TY TNHH YÊN MÔ,1/7/2020,NULL,6500005071,TC,ID03,1/7/2005,93,HAU GIANG,NULL,169,6340000000,CASA0000-103,Võ Thành Toàn,1773445614,3,682
104,1302004,79668888104,CIF0017021,CTY TNHH KỸ THUẬT TM VÀ DT CEMENTS,10/5/2019,NULL,621505688,TC,ID03,10/29/2002,1,HA NOI,NULL,638,6430000000,CASA0000-104,Nguyễn Quốc Mạnh,1773445637,7,471
105,1302004,79668888105,CIF0016492,CTY CP XD VÀ PT TM HOA SƠN,9/10/2019,NULL,622848058,TC,ID03,7/31/2008,1,HA NOI,NULL,641,6460000000,CASA0000-105,Nguyễn Thanh Trương,1773445652,7,471
106,1302004,79668888106,CIF0016243,CÔNG TY TNHH ĐẦU TƯ XÂY DỰNG VÀ THƯƠNG MẠI ĐỒNG TRƯA,9/19/2021,NULL,621124288,TC,ID03,5/11/2001,1,HA NOI,NULL,647,6520000000,CASA0000-106,Nguyễn Hà Hiệp,1773445631,3,410
107,1302003,79668888107,CIF0006072,CÔNG TY TNHH TMTT CHÂU GIANG,12/18/2019,NULL,501865858,TC,ID03,11/22/1999,79,HO CHI MINH,NULL,258,6530000000,CASA0000-107,Phạm Đức Đại,1773615680,3,410
108,1302003,79668888108,CIF0006224,CÔNG TY CP TẬP ĐOÀN THƯƠNG MẠI VÔ TƯ,12/13/2019,NULL,625018288,TC,ID03,6/26/2009,79,HO CHI MINH,NULL,258,6530000000,CASA0000-108,Vũ Toàn Thắng,1773445771,5,439
109,1302005,79668888109,CIF0006538,CÔNG TY TNHH XUẤT NHẬP KHẨU VẬT TƯ THIẾT BỊ NHÀ BẾP HOÀNG LONG,12/18/2021,NULL,621886188,TC,ID03,3/22/2006,79,HO CHI MINH,NULL,262,6570000000,CASA0000-109,Dương Xuân Biên,1773445774,5,464
110,31302001,79668888110,CIF0006128,CÔNG TY CP THƯƠNG MẠI – XUẤT NHẬP KHẨU NINH HIỆP,11/14/2020,NULL,200155148,TC,ID03,10/5/2005,31,HAI PHONG,NULL,513,6680000000,CASA0000-110,Mai Ngọc Anh,1773615677,81,301
111,1302004,79668888111,CIF0018493,CÔNG TY CỔ PHẦN MACMA,8/3/2020,NULL,5620555505,TC,ID03,10/20/2010,2,HA GIANG,NULL,661,6710000000,CASA0000-111,Đào Thị Thanh Hải,1783445576,82,501
112,31302001,79668888112,CIF0007114,CÔNG TY TNHH MTV XUẤT NHẬP KHẨU X.U.T,7/9/2021,NULL,2004000040,TC,ID03,6/13/2006,31,HAI PHONG,NULL,595,7500000000,CASA0000-112,Nguyễn Lưu Thùy Ngân,1773445670,3,301
113,31302001,79668888113,CIF0006639,CÔNG TY TNHH TÂY TIẾN,3/18/2022,NULL,200785184,TC,ID03,3/18/2008,31,HAI PHONG,NULL,599,7540000000,CASA0000-113,Đoàn Thanh Nghị,1773445671,81,301
114,1302004,79668888114,CIF0016239,CÔNG TY CỔ PHẦN VẬT LIỆU XÂY DỰNG PHỐ HUYỆN,9/16/2019,NULL,1.82056E+11,TC,ID03,6/2/2010,25,PHU THO,NULL,645,7700000000,CASA0000-114,Ngô Quốc Dũng,1773445677,3,410
115,1302004,79668888115,CIF0006944,CTCP PHÙ NINH,12/29/2019,NULL,2600266125,TC,ID03,9/30/2002,25,PHU THO,NULL,654,7790000000,CASA0000-115,Huỳnh Khả Tú,1783445580,82,451
116,1302005,79668888116,CIF0015600,CÔNG TY CP DV VẬN TẢI BIỂN ĐÔNG NAM Á,2/26/2022,NULL,805000086,TC,ID03,6/20/2003,34,THAI BINH,NULL,700,8700000000,CASA0000-116,Phùng Thị Thủy,1783445589,5,501
117,1302004,79668888117,CIF0015565,CTY CP THI CÔNG CƠ GIỚI XUÂN THỦY,1/29/2019,NULL,624265628,TC,ID03,11/20/2009,1,HA NOI,NULL,891,8960000000,CASA0000-117,Đỗ Đức Trung,1773445650,5,471
118,1302004,79668888118,CIF0006765,CÔNG TY TNHH DỊCH VỤ TỔNG HỢP PHƯƠNG DUNG,1/3/2020,NULL,624207288,TC,ID03,10/13/2009,1,HA NOI,NULL,897,9020000000,CASA0000-118,Hồng Đức Thông,1773445648,81,451
119,1302006,79668888119,CIF0004524,CÔNG TY TNHH SẢN XUẤT VÀ THƯƠNG MẠI NEW,1/5/2021,NULL,062 202 8040,TC,ID03,11/21/2006,1,HA NOI,NULL,1010,10150000000,CASA0000-119,Lê Văn Nhu,1773445643,6,107
120,1302006,79668888120,CIF0004223,CÔNG TY TNHH TM VÀ XNK AN TOÀN,1/8/2021,NULL,621645484,TC,ID03,4/26/2005,1,HA NOI,NULL,1014,10190000000,CASA0000-120,Nguyễn Thị Thanh Nga,1773445638,6,107
121,1302006,79668888121,CIF0003018,HTX CÔNG NGHIỆP GIA TRUNG,12/15/2019,NULL,645888975,TC,ID03,12/2/2000,1,HA NOI,NULL,1018,10230000000,CASA0000-121,Nguyễn Xuân Hạ,1773445778,5,106
122,1302005,79668888122,CIF0003033,CÔNG TY TNHH ĐOÀN KẾT,2/17/2020,NULL,624884855,TC,ID03,11/11/2010,1,HA NOI,NULL,1046,10510000000,CASA0000-122,Đặng Đức Hạnh,1773445665,5,81
123,1302005,79668888123,CIF0003020,CÔNG TY TNHH HOÀNG NGÂN,5/18/2020,NULL,500444155,TC,ID03,3/20/2001,1,HA NOI,NULL,1050,10550000000,CASA0000-123,Hoàng Ngọc Phách,1783445583,5,71
124,1302006,79668888124,CIF0002997,CÔNG TY TNHH DẦU KHÍ ĐÔNG ĐÔ,9/27/2019,NULL,622055180,TC,ID03,12/28/2007,1,HA NOI,NULL,1488,14930000000,CASA0000-124,Nguyễn Anh Tuấn,1773445656,5,61
125,1302005,79668888125,CIF0006616,CÔNG TY CỔ PHẦN BEER VIỆT NAM,10/18/2021,NULL,2456373800,TC,ID03,10/2/2001,1,HA NOI,NULL,2126,21310000000,CASA0000-125,Nguyễn Đức Tuyên,1783445582,5,107
126,79302001,79668888126,CIF0007715,ĐẶNG THỊ TỐ NGA,11/26/2018,3/14/1989,3212443256,CN,ID01,11/22/2007,11,DIEN BIEN,NULL,NULL,NULL,CASA0000-126,NULL,NULL,NULL,429
127,79302002,79668888127,CIF0004114,LƯƠNG THỊ THU  ,5/30/2021,8/4/1985,20424334,CN,ID01,10/18/2004,20,Cửa khẩu Lạng Sơn,NULL,NULL,NULL,CASA0000-127,NULL,NULL,NULL,431
128,79302003,79668888128,CIF0019874,LÊ THỊ THU HƯƠNG,8/16/2022,9/23/1988,22649650,CN,ID01,10/11/2005,1,Thanh Xuân - Hà Nội,NULL,NULL,NULL,CASA0000-128,NULL,NULL,NULL,432
129,1343002,79668888129,CIF0001288,LÊ THỊ PHƯƠNG,9/18/2021,6/15/1986,122555005,CN,ID01,5/4/2007,1,Xã Đàn - Hà Nội,NULL,NULL,NULL,CASA0000-129,NULL,NULL,NULL,681
130,1302003,79668888130,CIF00169605,NGUYỄN HOÀNG LONG,3/8/2024,2/20/1999,923125442,CN,ID01,2/15/2018,25,Nam Đồng - Đống Đa - Hà Nội,NULL,NULL,NULL,CASA0000-130,NULL,NULL,NULL,431
131,1302003,79668888131,CIF00169606,NGUYỄN HOÀNG PHÚC,7/1/2024,1/29/1998,123125242,CN,ID01,1/24/2017,1,Thanh Xuân - Hà Nội,NULL,NULL,NULL,CASA0000-131,NULL,NULL,NULL,432
132,1302003,79668888132,CIF00169607,LÊ HOÀI NAM,3/1/2024,8/2/1994,123125243,CN,ID01,7/28/2013,1,Nguyễn Trãi - Thanh Xuân - Hà Nội,NULL,NULL,NULL,CASA0000-132,NULL,NULL,NULL,421
133,1302003,79668888133,CIF00169608,LÊ VĂN TÙNG,2/25/2024,2/29/1996,123125244,CN,ID01,2/24/2015,33,Nguyễn Trãi - Thanh Xuân - Hà Nội,NULL,NULL,NULL,CASA0000-133,NULL,NULL,NULL,422
134,1302003,79668888134,CIF00169609,NGUYỄN THỦY TIÊN,4/12/2024,1/15/1992,123125245,CN,ID01,1/10/2011,1,Nam Đồng - Đống Đa - Hà Nội,NULL,NULL,NULL,CASA0000-134,NULL,NULL,NULL,429
135,1302003,79668888135,CIF00169610,LÊ CÔNG VINH,1/14/2024,11/22/1997,123125246,CN,ID01,8/9/2016,1,Thanh Xuân - Hà Nội,NULL,NULL,NULL,CASA0000-135,NULL,NULL,NULL,431
136,1302003,79668888136,CIF00169611,HOÀNG THỊ THÙY LINH,1/16/2024,2/21/1994,123125247,CN,ID01,11/8/2012,25,Nam Đồng - Đống Đa - Hà Nội,NULL,NULL,NULL,CASA0000-136,NULL,NULL,NULL,432
137,1302003,79668888137,CIF00169612,LÊ NHẬT LINH,3/25/2024,7/5/1997,123125248,CN,ID01,3/22/2016,1,Thanh Xuân - Hà Nội,NULL,NULL,NULL,CASA0000-137,NULL,NULL,NULL,433
138,1302003,79668888138,CIF00169613,LÊ DIỆU LINH,4/15/2024,12/25/1999,123125249,CN,ID01,9/11/2018,33,Tôn Đức Thắng - Đống Đa - Hà Nội,NULL,NULL,NULL,CASA0000-138,NULL,NULL,NULL,681
139,79302001,79668888139,CIF00169614,Lai Ngọc Tuân,1/10/2024,7/25/1995,183125244,CN,ID02,4/11/2014,79,Quận Nhất - Tp. HỒ CHÍ MINH,NULL,NULL,NULL,CASA0000-139,NULL,NULL,NULL,682
140,79302001,79668888140,CIF00169615,Trần Ứng Minh,4/12/2024,12/21/1997,183125245,CN,ID01,9/7/2016,79,Quận Hai - Tp. HỒ CHÍ MINH,NULL,NULL,NULL,CASA0000-140,NULL,NULL,NULL,681
141,79302001,79668888141,CIF00169616,Nguyễn Thị Hồng Thắm,3/8/2024,10/21/1994,183125246,CN,ID04,9/26/2013,79,Quận Bình Thạnh - Tp. HỒ CHÍ MINH,NULL,NULL,NULL,CASA0000-141,NULL,NULL,NULL,682
142,79302001,79668888142,CIF00169617,Nguyễn Văn Minh,1/20/2024,11/9/1999,183125247,CN,ID01,10/15/2018,79,Quận 12 - Tp. HỒ CHÍ MINH,NULL,NULL,NULL,CASA0000-142,NULL,NULL,NULL,681
143,79302001,79668888143,CIF00169618,Phạm Ngọc Thắng,1/15/2024,6/27/1997,183125248,CN,ID01,6/2/2016,79,Quận 10 - Tp. HỒ CHÍ MINH,NULL,NULL,NULL,CASA0000-143,NULL,NULL,NULL,682
144,79302001,79668888144,CIF00169619,Vũ Minh Hải,4/20/2024,12/21/1994,183125249,CN,ID01,11/26/2013,79,Quận Thủ Đưc - Tp. HỒ CHÍ MINH,NULL,NULL,NULL,CASA0000-144,NULL,NULL,NULL,681
145,79302001,79668888145,CIF00169620,Nguyễn Đình Quân,5/16/2024,10/18/1994,183125250,CN,ID01,9/23/2013,79,Quận Thủ Đưc - Tp. HỒ CHÍ MINH,NULL,NULL,NULL,CASA0000-145,NULL,NULL,NULL,681
146,79302001,79668888146,CIF00169621,Đỗ Thị Huệ,4/23/2024,6/7/1997,183125251,CN,ID01,5/10/2016,79,Quận Thủ Đưc - Tp. HỒ CHÍ MINH,NULL,NULL,NULL,CASA0000-146,NULL,NULL,NULL,681
147,79302001,79668888147,CIF00169622,Nguyễn Thị Út,2/11/2024,9/29/1994,183125252,CN,ID01,9/1/2013,79,Quận Thủ Đưc - Tp. HỒ CHÍ MINH,NULL,NULL,NULL,CASA0000-147,NULL,NULL,NULL,682
148,79302001,79668888148,CIF00169623,Nguyễn Đức Hạnh,1/19/2024,1/2/1999,121325253,CN,ID01,12/5/2017,79,Quận Thủ Đưc - Tp. HỒ CHÍ MINH,NULL,NULL,NULL,CASA0000-148,NULL,NULL,NULL,682
149,79302001,79668888149,CIF00169624,Nguyễn Thị Hương,2/25/2024,10/11/1995,121325254,CN,ID01,9/13/2014,79,Quận Thủ Đưc - Tp. HỒ CHÍ MINH,NULL,NULL,NULL,CASA0000-149,NULL,NULL,NULL,422
150,31302003,79668888150,CIF00169625,CHU THI OANH,1/16/2024,2/5/1992,121325255,CN,ID01,1/8/2011,48,Đà Nẵng,NULL,NULL,NULL,CASA0000-150,NULL,NULL,NULL,429
151,31302003,79668888151,CIF00169626,NGUYEN VAN HIEN,3/25/2024,1/17/2001,121325256,CN,ID01,10/17/2019,48,Đà Nẵng,NULL,NULL,NULL,CASA0000-151,NULL,NULL,NULL,431
152,31302003,79668888152,CIF00169627,DUONG THI CHIEN,4/15/2024,5/28/1998,121325257,CN,ID01,2/25/2017,48,Đà Nẵng,NULL,NULL,NULL,CASA0000-152,NULL,NULL,NULL,432
153,31302003,79668888153,CIF00169628,VU THI HUONG,1/10/2024,11/9/1999,121325258,CN,ID01,8/9/2018,48,Đà Nẵng,NULL,NULL,NULL,CASA0000-153,NULL,NULL,NULL,433
154,31302003,79668888154,CIF00169629,NGUYEN VAN SOAN,3/7/2024,7/16/1997,121325259,CN,ID01,4/15/2016,48,Đà Nẵng,NULL,NULL,NULL,CASA0000-154,NULL,NULL,NULL,681
155,87343001,79668888155,CIF00169630,NGUYEN DINH TRAM,1/21/2024,12/18/1998,121325260,CN,ID01,9/17/2017,87,Đồng Tháp,NULL,NULL,NULL,CASA0000-155,NULL,NULL,NULL,682
156,87343001,79668888156,CIF00169631,PHAM THI VUI,4/15/2024,1/7/1995,121325261,CN,ID01,10/7/2013,87,Cao Lãnh - Đồng Tháp,NULL,NULL,NULL,CASA0000-156,NULL,NULL,NULL,681
157,1302003,79668888157,CIF0016964,LÊ BÁ HOÀNG LONG,8/22/2021,11/10/1993,1.23125E+11,CN,ID01,1/4/2011,25,Nam Đồng - Đống Đa - Hà Nội,NULL,NULL,NULL,CASA0000-157,NULL,NULL,NULL,681
158,1343002,79668888158,CIF0001292,LÊ HOÀNG ĐÒAN,11/27/2021,4/24/1974,1.21212E+11,CN,ID01,10/16/2010,1,Quang Trung - Hà Đông - Hà Nội,NULL,NULL,NULL,CASA0000-158,NULL,NULL,NULL,681
159,1302004,79668888159,CIF0015532,TRẦN TUẤN ANH,6/8/2019,6/2/1987,312043945,CN,ID01,12/26/2005,26,VINH PHUC,NULL,NULL,NULL,CASA0000-159,NULL,NULL,NULL,681
160,1302005,79668888160,CIF0006435,LÊ MINH PHƯỢNG,8/7/2019,10/15/1989,1202126500,CN,ID01,9/22/2007,1,Thanh Xuân - Hà Nội,NULL,NULL,NULL,CASA0000-160,NULL,NULL,NULL,681
161,1302005,79668888161,CIF0016367,LÊ THỊ PHƯƠNG,4/9/2020,5/12/1981,1212020066,CN,ID01,5/12/1999,1,Chương Dương - Hà Nội,NULL,NULL,NULL,CASA0000-161,NULL,NULL,NULL,681
162,1302006,79668888162,CIF0007221,LÊ DUY MINH,8/5/2018,10/19/1979,12312129558,CN,ID01,12/2/2008,1,Đông Anh - Hà Nội,NULL,NULL,NULL,CASA0000-162,NULL,NULL,NULL,681
163,1302006,79668888163,CIF0015213,ĐỖ HOÀNG BÌNH,6/1/2021,1/3/1980,VNI096548282,CN,ID02,4/9/2008,1,Hoàng Diệu - Hà Nội,NULL,NULL,NULL,CASA0000-163,NULL,NULL,NULL,681
164,1343002,79668888164,CIF0002313,LÊ THỊ TIÊN,9/7/2021,1/1/2000,VNI02124955,CN,ID02,6/9/2009,1,Nguyễn Tri Phương - Ba Đình - Hà Nội,NULL,NULL,NULL,CASA0000-164,NULL,NULL,NULL,682
165,74302001,79668888165,CIF0006678,NGÔ MINH NGỌC,7/16/2018,7/12/1985,VNI280432596,CN,ID02,7/24/2003,8,TUYEN QUANG,NULL,NULL,NULL,CASA0000-165,NULL,NULL,NULL,682
166,74302001,79668888166,CIF0006767,VÕ HOÀI LINH,10/20/2018,5/10/1987,280445585,CN,ID01,10/11/2007,30,HAI DUONG,NULL,NULL,NULL,CASA0000-166,NULL,NULL,NULL,422
167,19302001,79668888167,CIF9080901,NGUYỄN THÙY TRINH,1/23/2024,3/8/1999,2804455781,CN,ID01,10/11/2017,19,THÀNH PHỐ THÁI NGUYÊN,NULL,NULL,NULL,CASA0000-167,NULL,NULL,NULL,429
168,19302001,79668888168,CIF9080902,NGUYỄN VĂN HÓA,3/23/2024,7/18/1989,2804455782,CN,ID01,7/18/2007,19,SÔNG CÔNG - THÁI NGUYÊN,NULL,NULL,NULL,CASA0000-168,NULL,NULL,NULL,61
169,22302001,79668888169,CIF9080903,LÊ THỊ HOA,2/10/2024,5/1/2000,VNI02124956,CN,ID02,5/1/2018,22,HẠ LONG - QUẢNG NINH,NULL,NULL,NULL,CASA0000-169,NULL,NULL,NULL,61
170,22302001,79668888170,CIF9080904,CÔNG TY CỔ PHẦN VẬT LIỆU XÂY DỰNG QUẢNG NINH HÀ NỘI,3/1/2020,NULL,C1820562068,TC,ID03,6/2/2017,22,HẠ LONG - QUẢNG NINH,NULL,500,18000000000,CASA0000-170,Ngô Thị Hoa Hồng,1.20773E+11,3,410
171,22302002,79668888171,CIF9080905,CÔNG TY TNHH HÒN GAI,7/8/2021,NULL,6509905071,TC,ID03,11/7/2015,22,HẠ LONG - QUẢNG NINH,NULL,70,5000000000,CASA0000-171,Võ Thị Hoa Mai,1773445622,3,682
172,22302003,79668888172,CIF9080906,Nguyễn Quốc Đoàn,1/21/2024,3/8/1999,2804455781,CN,ID01,10/11/2017,22,HẠ LONG - QUẢNG NINH,NULL,NULL,NULL,CASA0000-172,NULL,NULL,NULL,429
173,22302003,79668888173,CIF9080907,Lê Văn Trung,2/13/2024,7/18/1989,2804455782,CN,ID01,7/18/2007,22,HẠ LONG - QUẢNG NINH,NULL,NULL,NULL,CASA0000-173,NULL,NULL,NULL,61
174,38302001,79668888174,CIF9080908,Đỗ Thị Hương,4/13/2024,6/7/1997,18325251,CN,ID01,5/12/2016,38,THANH HÓA,NULL,NULL,NULL,CASA0000-174,NULL,NULL,NULL,681
175,38302001,79668888175,CIF9080909,Nguyễn Thị Lan,2/1/2024,9/29/1994,18125252,CN,ID01,9/21/2013,38,THANH HOA,NULL,NULL,NULL,CASA0000-175,NULL,NULL,NULL,682
176,66302001,79668888176,CIF9080910,Nguyễn Đức Tuấn,3/29/2024,1/12/1999,17925253,CN,ID01,12/3/2017,66,"PHƯỜNG TÂN TIẾN, TP BUÔN MÊ THUỘT, TỈNH ĐĂK LĂK",NULL,NULL,NULL,CASA0000-176,NULL,NULL,NULL,682
177,68302001,79668888177,CIF9080911,Nguyễn Thị Lan Mai,2/7/2024,10/21/1995,17725254,CN,ID01,9/21/2014,68,"PHƯỜNG 2 TP ĐÀ LẠT, TỈNH LÂM ĐỒNG",NULL,NULL,NULL,CASA0000-177,NULL,NULL,NULL,422
178,68343001,79668888178,CIF9080912,CHU HẠNH NGUYÊN,3/16/2024,2/25/1992,17525255,CN,ID01,1/18/2011,68,TRẦN PHÚ -  TP ĐÀ LẠT - LÂM ĐỒNG,NULL,NULL,NULL,CASA0000-178,NULL,NULL,NULL,429
179,68343001,79668888179,CIF9080913,NGUYEN LE BAO NAM,3/15/2024,1/7/2001,17325256,CN,ID01,10/7/2019,68,TRẦN PHÚ -  TP ĐÀ LẠT - LÂM ĐỒNG,NULL,NULL,NULL,CASA0000-179,NULL,NULL,NULL,431
180,68343001,79668888180,CIF9080914,CÔNG TY TNHH LẮP MÁY FECON,3/10/2020,NULL,3625428888,TC,ID03,2/7/2019,68,TP ĐÀ LẠT - LÂM ĐỒNG,NULL,100,36000000000,CASA0000-180,Nguyễn Anh Tuấn,1773445153,3,332
181,68343001,79668888181,CIF9080915,CÔNG TY CP TƯ VẤN VÀ ĐẦU TƯ NGÀY MAI,12/11/2018,NULL,6250226255,TC,ID03,3/8/2018,68,ĐÀ LẠT - LÂM ĐỒNG,NULL,150,20000000000,CASA0000-181,Nguyễn Thị Thu Hà,1773445249,3,439
182,49302001,79668888182,CIF9080916,CÔNG TY TNHH XUẤT NHẬP KHẨU VẬT TƯ THIẾT BỊ GIA DỤNG HNC,8/7/2017,NULL,3621886188,TC,ID03,3/12/2016,49,"PHƯỜNG TÂN THẠNH, TP TAM KỲ, TỈNH QUẢNG NAM",NULL,100,3500000000,CASA0000-182,Dương Thị Hoa,1773335774,5,464
183,49302001,79668888183,CIF9080917,CÔNG TY CP THƯƠNG MẠI – XUẤT NHẬP KHẨU CỬA KHẨU,6/8/2018,NULL,2400155148,TC,ID03,12/5/2015,49,"PHƯỜNG TÂN THẠNH, TP TAM KỲ, TỈNH QUẢNG NAM",NULL,50,2000000000,CASA0000-183,Mai Ngọc Hoàng,1773225677,81,301
184,80343001,79668888184,CIF9080918,CÔNG TY CỔ PHẦN HÒA PHÁT,12/31/2020,NULL,5699555505,TC,ID03,11/21/2020,80, PHƯỜNG 6 - TP TÂN AN - TỈNH LONG AN,NULL,600,15000000000,CASA0000-184,Đào Thị Thanh,1783115576,82,501
185,82302001,79668888185,CIF9080919,CÔNG TY TNHH MTV XUẤT NHẬP KHẨU TNG1,5/5/2018,NULL,2004033040,TC,ID03,6/3/2016,82,"NAM KỲ KHỞI NGHĨA PHƯỜNG 4 TP MỸ THO, TIỀN GIANG",NULL,70,700000000,CASA0000-185,Nguyễn Lưu Thùy,1773335670,3,301
186,89343001,79668888186,CIF9080920,CÔNG TY TNHH ĐÔNG Á,6/13/2020,NULL,7200781184,TC,ID03,4/4/2018,89,"TRẦNQUỐC TOẢN - TP LONG XUYÊN, TỈNH AN GIANG",NULL,35,250000000,CASA0000-186,Đoàn Thanh Xuân,1773425671,81,301
187,25302001,79668888187,CIF9080921,Nguyễn Ngọc Hương,8/16/2024,7/23/1983,6868790001,CN,ID01,7/18/2001,25,Thành phố Cần Thơ,NULL,NULL,NULL,CASA0000-187,NULL,NULL,NULL,453
188,26302001,79668888188,CIF9080922,NGUYỄN THÚY HOA,8/7/2023,7/5/1992,6868790002,CN,ID01,7/1/2010,26,Thành phố Hải Phòng,NULL,NULL,NULL,CASA0000-188,NULL,NULL,NULL,410
189,27302001,79668888189,CIF9080923,NGUYỄN THỊ NGỌ,9/12/2023,11/6/1981,6868790003,CN,ID01,11/2/1999,27,Thành phố Hải Phòng,NULL,NULL,NULL,CASA0000-189,NULL,NULL,NULL,410
190,31343001,79668888190,CIF9080924,NGUYỄN THỊ NGUYỆT,9/12/2023,12/25/1990,6868790004,CN,ID02,12/20/2008,31,Thành phố Hải Phòng,NULL,NULL,NULL,CASA0000-190,NULL,NULL,NULL,464
191,35302001,79668888191,CIF9080925,NGUYỄN VĂN QUẢNG,9/13/2023,6/20/1981,6868790005,CN,ID02,6/16/1999,35,Thành phố Hà Nội,NULL,NULL,NULL,CASA0000-191,NULL,NULL,NULL,469
192,42302001,79668888192,CIF9080926,nGUYỄN THỊ THÚY HỒNG,9/14/2023,10/30/1979,6868790006,CN,ID02,10/25/1997,42,Thành phố Hà Nội,NULL,NULL,NULL,CASA0000-192,NULL,NULL,NULL,681
193,44302001,79668888193,CIF9080927,BÀ TRẦN THỊ BÍCH THỂ,9/15/2023,9/5/1981,6868790007,CN,ID01,9/1/1999,44,Tỉnh Đồng Nai,NULL,NULL,NULL,CASA0000-193,NULL,NULL,NULL,410
194,48302002,79668888194,CIF9080928,CÔNG TY CỔ PHẦN TONO VIỆT NAM,9/16/2023,NULL,6868790008,TC,ID03,8/4/2007,48,Thành phố Hà Nội,NULL,35,6000000000,CASA0000-194,LÊ VĂN TIỀM,8688790008,5,410
195,48343001,79668888195,CIF9080929,CÔNG TY TNHH VẬN TẢI TMĐT NGUYÊN GIÁP,9/17/2023,NULL,6868790009,TC,ID03,8/4/2011,48,Thành phố Hải Phòng,NULL,40,6900000000,CASA0000-195,NGUYỄN VĂN DŨNG,8688790009,5,493
196,52302001,79668888196,CIF9080930,CÔNG TY CỔ PHẦN ĐẦU TƯ PHÁT TRIỂN XÂY DỰNG THÀNH HƯNG,9/18/2023,NULL,6868790010,TC,ID03,8/23/2007,52,Thành phố Hải Phòng,NULL,150,70000000000,CASA0000-196,Hoàng Phương Thảo,8688790010,5,410
197,54302001,79668888197,CIF9080931,PHẠM TOÀN THẮNG,9/19/2023,5/4/1986,6868790011,CN,ID01,4/29/2004,54,Thành phố Hải Phòng,NULL,NULL,NULL,CASA0000-197,NULL,NULL,NULL,478
198,56302001,79668888198,CIF9080932,TRẦN QUỐC ANH,9/20/2023,3/13/1979,6868790012,CN,ID01,3/8/1997,56,Thành phố Hải Phòng,NULL,NULL,NULL,CASA0000-198,NULL,NULL,NULL,410
199,56343001,79668888199,CIF9080933,NGUYỄN THỊ HUỆ,9/21/2023,11/3/1990,6868790013,CN,ID01,10/29/2008,56,Thành phố Hải Phòng,NULL,NULL,NULL,CASA0000-199,NULL,NULL,NULL,410
200,60302001,79668888200,CIF9080934,LƯƠNG THANH HÀ,9/22/2023,12/30/1989,6868790014,CN,ID02,12/26/2007,60,Thành phố Hải Phòng,NULL,NULL,NULL,CASA0000-200,NULL,NULL,NULL,464
201,72302001,79668888201,CIF9080935,LƯƠNG VĂN HIỆU,9/23/2023,12/6/1987,6868790015,CN,ID02,12/1/2005,72,Thành phố Hải Phòng,NULL,NULL,NULL,CASA0000-201,NULL,NULL,NULL,453
202,75302001,79668888202,CIF9080936,NGUYỄN MẠNH CƯỜNG,9/24/2023,9/14/1991,6868790016,CN,ID02,9/9/2009,75,Thành phố Hải Phòng,NULL,NULL,NULL,CASA0000-202,NULL,NULL,NULL,410
203,79343002,79668888203,CIF9080937,BÙI VĂN NGỌC,10/20/2023,7/23/1990,6868790017,CN,ID01,7/18/2008,79,Thành phố Hải Phòng,NULL,NULL,NULL,CASA0000-203,NULL,NULL,NULL,410
204,80302001,79668888204,CIF9080938,VŨ HUY TÀI,10/21/2023,5/8/1989,6868790018,CN,ID02,5/4/2007,80,Thành phố Hải Phòng,NULL,NULL,NULL,CASA0000-204,NULL,NULL,NULL,410
205,89343003,79668888205,CIF9080939,TRƯƠNG ANH DŨNG,10/22/2023,4/26/1984,6868790019,CN,ID01,4/22/2002,89,Thành phố Hải Phòng,NULL,NULL,NULL,CASA0000-205,NULL,NULL,NULL,410
206,91302001,79668888206,CIF9080940,ĐỖ NHƯ HẢO,10/23/2023,7/23/1990,6868790020,CN,ID01,7/18/2008,91,Thành phố Hải Phòng,NULL,NULL,NULL,CASA0000-206,NULL,NULL,NULL,469
207,91343001,79668888207,CIF9080941,CÔNG TY CPTM  MINH TUỆ TÂM,10/24/2023,NULL,6868790021,TC,ID03,1/3/2008,91, Q. HẢI AN TP HẢI PHÒNG,NULL,28,1500000000,CASA0000-207,Ngô Đình Anh Vũ,8688790021,5,563
208,92343001,79668888208,CIF9080942,CÔNG TY TNHH HÀ NAM BÌNH,10/25/2023,NULL,6868790022,TC,ID03,6/5/2003,92, Q. HẢI AN TP HẢI PHÒNG,NULL,50,30000000000,CASA0000-208,Phạm Thị Lý,8688790022,5,563
209,96343001,79668888209,CIF9080943,DNTN QUANG HUNG,10/26/2023,NULL,6868790023,TC,ID03,9/30/2005,96,"XÃ AN VIỄN, ĐỒNG NAI",NULL,12,4000000000,CASA0000-209,Trịnh Thanh Hân,8688790023,5,439
210,25302001,79668888210,CIF9080944,ĐÀO THU TRANG,10/27/2023,5/15/1990,6868790024,CN,ID01,5/10/2008,25,Thành phố Hải Phòng,NULL,NULL,NULL,CASA0000-210,NULL,NULL,NULL,410
211,26302001,79668888211,CIF9080945,CPTM -XNK HÀ NỘI,10/28/2023,NULL,6868790025,TC,ID03,9/30/2005,26,"SỐ 6 LÝ TỰ TRỌNG, P. MKHAI, Q.HBÀNG, HPHONG",NULL,450,1.3E+11,CASA0000-211,Hoàng Văn Phượng,8688790025,5,501
212,27302001,79668888212,CIF9080946,CTY TNHH 2-9 HÀ GIANG NAM,11/3/2023,NULL,6868790026,TC,ID03,9/30/2005,27,"XÃ HÒA XÁ, HUYỆN ỨNG HÒA, TP HÀ NỘI",NULL,120,68000000000,CASA0000-212,Lê Kim Anh,8688790026,5,410
213,31343001,79668888213,CIF9080947,CTY TNHH CÔN ĐẢO,11/4/2023,NULL,6868790027,TC,ID03,8/10/2001,31,SỐ 5A 208 NGUYỄN TRÃI . Q.1 TP HỒ CHÍ MINH,NULL,150,30000000000,CASA0000-213,Nguyễn Văn Tuấn ,8688790027,5,410
214,35302001,79668888214,CIF9080948,CTY TNHH NGHỆ AN,11/5/2023,NULL,6868790028,TC,ID03,3/18/2010,35,"SỐ 7/3 ĐƯỜNG C1, PHƯỜNG 13 Q. TÂN BÌNH, HCM",NULL,60,20000000000,CASA0000-214,Phạm Thị Tuấn Anh,8688790028,5,410
215,42302001,79668888215,CIF9080949,CTY TNHH TM-DV SX HÒA BÌNH,11/6/2023,NULL,6868790029,TC,ID03,2/26/1999,42,"SỐ 428, NGUYỄN VĂN NGHỊ, P.7 Q. GÒ VẤP, HCM",NULL,65,50000000000,CASA0000-215,Nguyễn Kế Thắng,8688790029,5,241
216,44302001,79668888216,CIF9080950,DNTN NHA TRANG,11/7/2023,NULL,6868790030,TC,ID03,5/24/2007,44,Thành phố Cần Thơ,NULL,250,1.5E+11,CASA0000-216,Nguyễn Đình Đồng,8688790030,7,139
217,48302002,79668888217,CIF9080951,ĐÀO CHÍ VINH,11/8/2023,7/23/1990,6868790031,CN,ID01,7/18/2008,48,Thành phố Hải Phòng,NULL,NULL,NULL,CASA0000-217,NULL,NULL,NULL,410
218,48343001,79668888218,CIF9080952,Công ty TNHH MTV Bao tải,11/9/2023,NULL,6868790032,TC,ID03,5/24/2007,48,Thành phố Đà Nẵng,NULL,60,20000000000,CASA0000-218,Nguyễn Thị Ngọc Phụng,8688790032,7,170
219,52302001,79668888219,CIF9080953,Công ty CP bách hóa xanh,11/10/2023,NULL,6868790033,TC,ID03,5/24/2007,52,Thành phố Hà Nội,NULL,40,31178000000,CASA0000-219,LÊ DANH QUÝ,8688790033,7,410
220,54302001,79668888220,CIF9080954,Công ty CP Đầu tư và Thương mại Dầu khí Thái Bình,11/11/2023,NULL,6868790034,TC,ID03,5/24/2007,54,Thái bình,NULL,350,4.5E+11,CASA0000-220,HOÀNG VĂN THƯỞNG VÀ ĐỖ THỊ THỦY,8688790034,7,192
221,56302001,79668888221,CIF9080955,Công ty TNHH MTV Đại Nam,11/12/2023,NULL,6868790035,TC,ID03,5/24/2007,56,Tỉnh Hoà Bình,NULL,64,21000000000,CASA0000-221,ĐẶNG VĂN MẠNH VÀ PHẠM THỊ MAI,8688790035,7,410
222,56343001,79668888222,CIF9080956,TRẦN TIẾN ĐƯỜNG,11/13/2023,10/24/1982,6868790036,CN,ID02,10/19/2000,56,Thành phố Hà Nội,NULL,NULL,NULL,CASA0000-222,NULL,NULL,NULL,410
223,60302001,79668888223,CIF9080957,Bùi Hà Vân,11/14/2023,6/17/1979,6868790037,CN,ID01,6/12/1997,60,Thành phố Hà Nội,NULL,NULL,NULL,CASA0000-223,NULL,NULL,NULL,681
224,72302001,79668888224,CIF9080958,Đoàn Thị Loan ,12/7/2023,3/8/1991,6868790038,CN,ID02,3/3/2009,72,Thành phố Hồ Chí Minh,NULL,NULL,NULL,CASA0000-224,NULL,NULL,NULL,464
225,75302001,79668888225,CIF9080959,Bùi Xuân Thành,12/8/2023,5/10/1980,6868790039,CN,ID01,5/6/1998,75,Thành phố Hải Phòng,NULL,NULL,NULL,CASA0000-225,NULL,NULL,NULL,469
226,79343002,79668888226,CIF9080960,Phan Thị Hà,12/9/2023,12/30/1984,6868790040,CN,ID01,12/26/2002,79,Tỉnh Hà Tây,NULL,NULL,NULL,CASA0000-226,NULL,NULL,NULL,410
227,80302001,79668888227,CIF9080961,Doanh nghiệp tư nhân Trang Xoài,12/10/2023,NULL,6868790041,TC,ID03,5/24/2007,80,Tỉnh Quảng Ninh,NULL,15,1500000000,CASA0000-227,TRẦN HOÀNG AN,8688790041,7,493
228,89343003,79668888228,CIF9080962,Nguyễn Đức Quân,12/11/2023,8/11/1986,6868790042,CN,ID02,8/6/2004,89,Thành phố Hải Phòng,NULL,NULL,NULL,CASA0000-228,NULL,NULL,NULL,453
229,91302001,79668888229,CIF9080963,Trần thị Nguyên,12/12/2023,7/23/1990,6868790043,CN,ID01,7/18/2008,91,Thành phố Hải Phòng,NULL,NULL,NULL,CASA0000-229,NULL,NULL,NULL,410
230,91343001,79668888230,CIF9080964,Lương Minh Tuấn ,12/13/2023,3/24/1980,6868790044,CN,ID02,3/20/1998,91,Thành phố Hải Phòng,NULL,NULL,NULL,CASA0000-230,NULL,NULL,NULL,410
231,92343001,79668888231,CIF9080965,Nguyễn Thị Đạo ,12/14/2023,3/24/1989,6868790045,CN,ID01,3/20/2007,92,Thành phố Hải Phòng,NULL,NULL,NULL,CASA0000-231,NULL,NULL,NULL,410
232,96343001,79668888232,CIF9080966,Nguyễn Thị Toàn ,12/15/2023,9/14/1981,6868790046,CN,ID01,9/10/1999,96,Thành phố Hải Phòng,NULL,NULL,NULL,CASA0000-232,NULL,NULL,NULL,410
233,25302001,79668888233,CIF9080967,Trần Văn Hòa ,12/16/2023,3/19/1984,6868790047,CN,ID02,3/15/2002,25,Thành phố Hải Phòng,NULL,NULL,NULL,CASA0000-233,NULL,NULL,NULL,410
234,26302001,79668888234,CIF9080968,Tô Thị Hoài,12/17/2023,4/21/1983,6868790048,CN,ID01,4/16/2001,26,Thành phố Hải Phòng,NULL,NULL,NULL,CASA0000-234,NULL,NULL,NULL,410
235,27302001,79668888235,CIF9080969,Lương Hồng Quang,12/18/2023,7/29/1989,6868790049,CN,ID02,7/25/2007,27,Thành phố Hà Nội,NULL,NULL,NULL,CASA0000-235,NULL,NULL,NULL,410
236,31343001,79668888236,CIF9080970,Nguyễn Thị Kim Anh ,12/19/2023,7/6/1989,6868790050,CN,ID02,7/2/2007,31,Thành phố Hải Phòng,NULL,NULL,NULL,CASA0000-236,NULL,NULL,NULL,410
237,35302001,79668888237,CIF9080971,Phạm Bá Tiến ,12/20/2023,7/23/1990,6868790051,CN,ID01,7/18/2008,35,Thành phố Hải Phòng,NULL,NULL,NULL,CASA0000-237,NULL,NULL,NULL,464
238,42302001,79668888238,CIF9080972,Quách Văn Hòa ,12/21/2023,7/27/1992,6868790052,CN,ID02,7/23/2010,42,Thành phố Hải Phòng,NULL,NULL,NULL,CASA0000-238,NULL,NULL,NULL,410
239,44302001,79668888239,CIF9080973,Dương Phúc Quảng ,12/22/2023,6/20/1993,6868790053,CN,ID01,6/16/2011,44,Thành phố Hải Phòng,NULL,NULL,NULL,CASA0000-239,NULL,NULL,NULL,453
240,48302002,79668888240,CIF9080974,Nguyễn Văn Kỷ ,2/13/2024,3/2/1988,6868790054,CN,ID01,2/26/2006,48,Thành phố Hải Phòng,NULL,NULL,NULL,CASA0000-240,NULL,NULL,NULL,410
241,48343001,79668888241,CIF9080975,Công ty CP Đầu tư milo,2/14/2024,NULL,6868790055,TC,ID03,6/16/2003,48,Thành phố Hải Phòng,NULL,15,5000000000,CASA0000-241,HOÀNG VĂN TUẤN VÀ BÙI THỊ TÌNH,8688790055,7,439
242,52302001,79668888242,CIF9080976,Võ Hoàng Phong,2/15/2024,7/23/1990,6868790056,CN,ID02,7/18/2008,52,Thành phố Hồ Chí Minh,NULL,NULL,NULL,CASA0000-242,NULL,NULL,NULL,410
243,54302001,79668888243,CIF9080977,Hoàng Văn Dũng ,2/16/2024,5/26/1991,6868790057,CN,ID02,5/21/2009,54,Thành phố Hà Nội,NULL,NULL,NULL,CASA0000-243,NULL,NULL,NULL,410
244,56302001,79668888244,CIF9080978,Lương Đình Tứ ,2/17/2024,6/9/1983,6868790058,CN,ID01,6/4/2001,56,Thành phố Hải Phòng,NULL,NULL,NULL,CASA0000-244,NULL,NULL,NULL,681
245,56343001,79668888245,CIF9080979,Trần Thị Thu,2/18/2024,10/24/1983,6868790059,CN,ID02,10/19/2001,56,Tỉnh An Giang,NULL,NULL,NULL,CASA0000-245,NULL,NULL,NULL,410
246,60302001,79668888246,CIF9080980,Công ty CP Đầu tư Xây dựng và Thương mại An Lộc Sơn,2/19/2024,NULL,6868790060,TC,ID03,6/16/2003,60,Thành phố Hà Nội,NULL,360,1E+11,CASA0000-246,LÊ THỊ NHÀN,8688790060,7,410
247,72302001,79668888247,CIF9080981,Công ty TNHH ĐT TM và XD Công Đoàn,2/20/2024,NULL,6868790061,TC,ID03,6/16/2003,72,Thành phố Hải Phòng,NULL,100,45000000000,CASA0000-247,NGUYỄN THỊ THỦY VÀ NGUYỄN NHẬT THIỀU,8688790061,7,410
248,75302001,79668888248,CIF9080982,Công ty TNHH Anh Quân,4/4/2024,NULL,6868790062,TC,ID03,6/16/2003,75,Tỉnh Đồng Nai,NULL,65,10000000000,CASA0000-248,ĐINH THỊ PHƯƠNG,8688790062,7,410
249,79343002,79668888249,CIF9080983,Công ty TNHH Cơ Khí Thành Đạt,4/5/2024,NULL,6868790063,TC,ID03,7/22/2003,79,Thành phố Hải Phòng,NULL,85,19999000000,CASA0000-249,CHU THỊ MINH THAO,8688790063,7,241
250,80302001,79668888250,CIF9080984,Nguyễn Thị Thùy,4/6/2024,12/9/1985,6868790064,CN,ID01,12/5/2003,80,Thành phố Hải Phòng,NULL,NULL,NULL,CASA0000-250,NULL,NULL,NULL,469
251,89343003,79668888251,CIF9080985,Trần Văn Việt,4/7/2024,10/4/1986,6868790065,CN,ID02,9/29/2004,89,Thành phố Hải Phòng,NULL,NULL,NULL,CASA0000-251,NULL,NULL,NULL,410
252,91302001,79668888252,CIF9080986,Công ty Cổ Phần Thép Xanh,4/8/2024,NULL,6868790066,TC,ID03,7/22/2003,91,Thành phố Hải Phòng,NULL,88,42000000000,CASA0000-252,NGUYỄN HỮU HẬU VÀ NGUYỄN ĐƯỜNG ANH HOA,8688790066,7,241
253,91343001,79668888253,CIF9080987,Lê Diệu Hương,4/9/2024,3/31/1990,6868790067,CN,ID01,3/26/2008,91,Thành phố Hà Nội,NULL,NULL,NULL,CASA0000-253,NULL,NULL,NULL,410
254,92343001,79668888254,CIF9080988,Nguyễn Thị Luận ,4/10/2024,11/2/1985,6868790068,CN,ID02,10/29/2003,92,Thành phố Hải Phòng,NULL,NULL,NULL,CASA0000-254,NULL,NULL,NULL,464
255,96343001,79668888255,CIF9080989,Doanh nghiệp tư nhân Thành Đông,5/30/2024,NULL,6868790069,TC,ID03,7/22/2003,96,Thành phố Hải Phòng,NULL,15,2000000000,CASA0000-255,TRẦN QUỐC CƯỜNG,8688790069,7,410
256,25302001,79668888256,CIF9080990,Công ty CP Thương mại và Xây dựng Sao Khuê,6/1/2024,NULL,6868790070,TC,ID03,7/22/2003,25,Thành phố Hải Phòng,NULL,19,12000000000,CASA0000-256,TRẦN HOÀNG GIANG VÀ TRẦN THỊ THU GIANG,8688790070,7,410
257,26302001,79668888257,CIF9080991,DNTN Phương Đông,6/1/2024,NULL,6868790071,TC,ID03,2/29/2000,26,Thành phố Hải Phòng,NULL,20,10000000000,CASA0000-257,ĐỖ QUANG TƯỜNG VÀ NGUYỄN THỊ YẾN,8688790071,7,410
258,27302001,79668888258,CIF9080992,MAI ANH SƠN ,6/6/2024,11/2/1985,6868790072,CN,ID01,10/29/2003,27,Thành phố Hải Phòng,NULL,NULL,NULL,CASA0000-258,NULL,NULL,NULL,410
259,31343001,79668888259,CIF9080993,NGUYỄN KHẮC HẢI,6/7/2024,3/2/1981,6868790073,CN,ID01,2/26/1999,31,Thành phố Hải Phòng,NULL,NULL,NULL,CASA0000-259,NULL,NULL,NULL,410
260,35302001,79668888260,CIF9080994,NGUYỄN THỊ KIM,6/8/2024,3/2/1981,6868790074,CN,ID02,2/26/1999,35,Thành phố Hồ Chí Minh,NULL,NULL,NULL,CASA0000-260,NULL,NULL,NULL,464
261,42302001,79668888261,CIF9080995,HOÀNG HỒNG SƠN,6/9/2024,3/22/1984,6868790075,CN,ID01,3/18/2002,42,Thành phố Hà Nội,NULL,NULL,NULL,CASA0000-261,NULL,NULL,NULL,681
262,44302001,79668888262,CIF9080996,ĐẶNG CHÍ KIÊN,6/10/2024,7/13/1976,6868790076,CN,ID02,7/9/1994,44,Thành phố Hà Nội,NULL,NULL,NULL,CASA0000-262,NULL,NULL,NULL,453
263,48302002,79668888263,CIF9080997,PHẠM LAM SƠN,6/11/2024,7/13/1976,6868790077,CN,ID02,7/9/1994,48,Thành phố Hải Phòng,NULL,NULL,NULL,CASA0000-263,NULL,NULL,NULL,410
264,48343001,79668888264,CIF9080998,TRẦN THỊ TÁNH ,6/12/2024,1/7/1983,6868790078,CN,ID01,1/2/2001,48,Thành phố Hồ Chí Minh,NULL,NULL,NULL,CASA0000-264,NULL,NULL,NULL,410
265,52302001,79668888265,CIF9080999,ĐÀO QUANG TUYNH,6/13/2024,1/7/1983,6868790079,CN,ID02,1/2/2001,52,Thành phố Hải Phòng,NULL,NULL,NULL,CASA0000-265,NULL,NULL,NULL,410
266,54302001,79668888266,CIF9081000,ĐỖ TRỊNH HƯNG,6/14/2024,1/7/1983,6868790080,CN,ID01,1/2/2001,54,Thành phố Hải Phòng,NULL,NULL,NULL,CASA0000-266,NULL,NULL,NULL,469
267,56302001,79668888267,CIF9081001,ĐỖ THỊ KIM DUNG ,6/15/2024,1/7/1983,6868790081,CN,ID01,1/2/2001,56,Thành phố Hà Nội,NULL,NULL,NULL,CASA0000-267,NULL,NULL,NULL,410
268,56343001,79668888268,CIF9081002,CTY TNHH PHÁT TRIỂN CÔNG NGHỆ KINH TẾ,6/16/2024,NULL,6868790082,TC,ID03,2/29/2000,56,Tỉnh Thái Nguyên,NULL,450,1.2E+11,CASA0000-268,VƯƠNG VŨ ĐẠT,8688790082,7,410
269,60302001,79668888269,CIF9081003,NGUYỄN TRƯỜNG THU,6/17/2024,1/7/1983,6868790083,CN,ID02,1/2/2001,60,Thành phố Hồ Chí Minh,NULL,NULL,NULL,CASA0000-269,NULL,NULL,NULL,681
270,72302001,79668888270,CIF9081004,CÔNG TY CP ĐẦU TƯ VÀ XÂY DỰNG HOA BAN,6/18/2024,NULL,6868790084,TC,ID03,2/29/2000,72,Thành phố Hà Nội,NULL,44,50000000000,CASA0000-270,LÊ QUANG VINH VÀ TRỊNH THỊ NGUYỄN THANH HÀ ,8688790084,7,439
271,75302001,79668888271,CIF9081005,LẠI THỊ THANH THẢO,6/19/2024,1/7/1983,6868790085,CN,ID02,1/2/2001,75,Thành phố Hồ Chí Minh,NULL,NULL,NULL,CASA0000-271,NULL,NULL,NULL,410
272,79343002,79668888272,CIF9081006,CÔNG TY TNHH ĐỒ ĐÁ,6/20/2024,NULL,6868790086,TC,ID03,2/29/2000,79,Thành phố Hải Phòng,NULL,750,1.514E+11,CASA0000-272,LÊ NGỌC ẨN VÀ NGUYỄN HƯƠNG LAN,8688790086,7,81
273,80302001,79668888273,CIF9081007,CÔNG TY CP XNK MĨ PHẨM HẢI DƯƠNG,6/21/2024,NULL,6868790087,TC,ID03,12/27/2007,80,Thành phố Hà Nội,NULL,65,34000000000,CASA0000-273,NGUYỄN HẢI BA VÀ LÊ PHƯƠNG CHI,8688790087,7,829
274,89343003,79668888274,CIF9081008,NGUYỄN LÊ PHÚ DŨNG ,6/22/2024,12/14/1984,6868790088,CN,ID02,12/10/2002,89,Thành phố Hà Nội,NULL,NULL,NULL,CASA0000-274,NULL,NULL,NULL,478
275,91302001,79668888275,CIF9081009,"CÔNG TY CP ĐẦU TƯ PHÁT TRIỂN, SẢN XUẤT, XUẤT NHẬP KHẨU, THƯƠNG MẠI TẦN TẢO",6/23/2024,NULL,6868790089,TC,ID03,4/2/2007,91,Thành phố Hà Nội,NULL,48,12000000000,CASA0000-275,NGUYỄN THỊ THẢO VÀ LƯƠNG ĐÌNH KIỂM,8688790089,7,139
276,91343001,79668888276,CIF9081010,CÔNG TY TNHH THƯƠNG MẠI VÀ SẢN XUẤT 2-9,6/24/2024,NULL,6868790090,TC,ID03,1/2/2007,91,Thành phố Hải Phòng,NULL,15,6000000000,CASA0000-276,BÙI VĂN TOÀN VÀ BÙI THỊ NHẸ,8688790090,7,139
277,92343001,79668888277,CIF9081011,CÔNG TY TNHH ĐẦU TƯ VÀ THƯƠNG MẠI NGỌC TÂM KINH,6/25/2024,NULL,6868790091,TC,ID03,4/11/2005,92,Thành phố Hà Nội,NULL,35,9000000000,CASA0000-277,NGUYỄN DUY TẠO,8688790091,7,139
278,96343001,79668888278,CIF9081012,NGUYỄN THỊ TÁM ,6/26/2024,12/14/1984,6868790092,CN,ID02,12/10/2002,96,Thành phố Đà Nẵng,NULL,NULL,NULL,CASA0000-278,NULL,NULL,NULL,410
279,25302001,79668888279,CIF9081013,HOÀNG THỊ BẨY,6/27/2024,11/22/1976,6868790093,CN,ID02,11/18/1994,25,Thành phố Hà Nội,NULL,NULL,NULL,CASA0000-279,NULL,NULL,NULL,464
280,26302001,79668888280,CIF9081014,CÔNG TY TNHH HẢI HÀ,6/28/2024,NULL,6868790094,TC,ID03,4/11/2005,26,Tỉnh Bắc Ninh,NULL,14,7000000000,CASA0000-280,NGUYỄN HỮU CƯỜNG ,8688790094,5,439
281,27302001,79668888281,CIF9081015,CÔNG TY TNHH THÀNH QUYỀN CHƯỞNG,6/29/2024,NULL,6868790095,TC,ID03,9/27/1999,27,Tỉnh Đồng Nai,NULL,281,20000000000,CASA0000-281,NGUYỄN THỊ THANH VÂN VÀ NGUYỄN VĂN THƠ,8688790095,3,410
282,31343001,79668888282,CIF9081016,CÔNG TY TNHH MỘT THÀNH VIÊN MAI MAI,6/30/2024,NULL,6868790096,TC,ID03,6/29/2009,31,Tỉnh Đồng Nai,NULL,45,2000000000,CASA0000-282,NGUYỄN VIẾT PHAN,8688790096,3,410
283,35302001,79668888283,CIF9081017,LÊ HỒNG HOÀNG ANH,7/18/2024,11/22/1976,6868790097,CN,ID02,11/18/1994,35,Tỉnh Gia Lai,NULL,NULL,NULL,CASA0000-283,NULL,NULL,NULL,464
284,42302001,79668888284,CIF9081018,PHÙNG TIẾN DŨNG,7/19/2024,9/27/1990,6868790098,CN,ID01,9/22/2008,42,Thành phố Hà Nội,NULL,NULL,NULL,CASA0000-284,NULL,NULL,NULL,410
285,44302001,79668888285,CIF9081019,ĐẶNG THỊ HẰNG NGA,7/20/2024,9/27/1990,6868790099,CN,ID02,9/22/2008,44,Thành phố Hà Nội,NULL,NULL,NULL,CASA0000-285,NULL,NULL,NULL,410
286,48302002,79668888286,CIF9081020,HOÀNG THỊ LAN,7/21/2024,5/15/1986,6868790100,CN,ID02,5/10/2004,48,Thành phố Hồ Chí Minh,NULL,NULL,NULL,CASA0000-286,NULL,NULL,NULL,410
287,48343001,79668888287,CIF9081021,DƯƠNG VĂN BÌNH,7/22/2024,8/8/1985,6868790101,CN,ID02,8/4/2003,48,Thành phố Hà Nội,NULL,NULL,NULL,CASA0000-287,NULL,NULL,NULL,469
288,52302001,79668888288,CIF9081022,CÔNG TY TNHH THƯƠNG MẠI VÀ XUẤT NHẬP KHẨU LONG CUNG,7/23/2024,NULL,6868790102,TC,ID03,3/18/2008,52,Thành phố Hải Phòng,NULL,21,1000000000,CASA0000-288,NGUYỄN VĂN HOA VÀ LÊ NGỌC BÍCH,8688790102,3,410
289,54302001,79668888289,CIF9081023,CÔNG TY TNHH PHÚC THỊNH A.P.T,7/24/2024,NULL,6868790103,TC,ID03,7/16/2003,54,Tỉnh Đồng Nai,NULL,60,6000000000,CASA0000-289,TẠ TƯƠNG THANH,8688790103,3,410
290,56302001,79668888290,CIF9081024,NGUYỄN ĐÌNH KHƯƠNG,7/25/2024,8/8/1985,6868790104,CN,ID01,8/4/2003,56,Thành phố Hải Phòng,NULL,NULL,NULL,CASA0000-290,NULL,NULL,NULL,681
291,56343001,79668888291,CIF9081025,CÔNG TY CỔ PHẦN XÂY DỰNG VÀ DỊCH VỤ THƯƠNG MẠI VŨ VŨ,7/26/2024,NULL,6868790105,TC,ID03,7/6/2007,56,Thành phố Hải Phòng,NULL,150,6500000000,CASA0000-291,PHẠM HỮU HẠNH,8688790105,3,410
292,60302001,79668888292,CIF9081026,CÔNG TY CỔ PHẦN THƯƠNG MẠI THÉP QUỐC TẾ VIỆT NAM,7/27/2024,NULL,6868790106,TC,ID03,8/26/2005,60,Thành phố Hải Phòng,NULL,44,4000000000,CASA0000-292,NGUYỄN THẾ TÂM,8688790106,3,241
293,72302001,79668888293,CIF9081027,NGUYỄN QUANG PHƯƠNG,7/28/2024,6/6/1980,6868790107,CN,ID01,6/2/1998,72,Thành phố Hà Nội,NULL,NULL,NULL,CASA0000-293,NULL,NULL,NULL,410
294,75302001,79668888294,CIF9081028,CTY TNHH VIỆT HÀN,7/29/2024,NULL,6868790108,TC,ID03,10/9/2009,75,Thành phố Hải Phòng,NULL,17,5000000000,CASA0000-294,NGUYỄN HUY THẮNG,8688790108,3,241
295,79343002,79668888295,CIF9081029,CÔNG TY CỔ PHẦN THƯƠNG MẠI VÂN BẢO KHÁNH,7/30/2024,NULL,6868790109,TC,ID03,11/7/2000,79,Thành phố Hải Phòng,NULL,24,1800000000,CASA0000-295,BÙI VĂN NĂM VÀ HUỲNH THỊ ẢNH,8688790109,3,410
296,80302001,79668888296,CIF9081030,TRƯƠNG ĐÌNH HÀO,7/31/2024,7/24/1986,6868790110,CN,ID01,7/19/2004,80,Tỉnh An Giang,NULL,NULL,NULL,CASA0000-296,NULL,NULL,NULL,952
297,89343003,79668888297,CIF9081031,CÔNG TY CỔ PHẦN ĐẦU TƯ VÀ PHÁT TRIỂN CÔNG NGHIỆP THÁI NGUYÊN,8/18/2024,NULL,6868790111,TC,ID03,6/20/2005,89,Tỉnh Phú Thọ,NULL,54,50000000000,CASA0000-297,VÕ QUANG THÀNH VÀ NGUYỄN THỊ THU CHÂM,8688790111,3,410
298,91302001,79668888298,CIF9081032,NGUYỄN THỊ THÙY,8/19/2024,7/24/1986,6868790112,CN,ID01,7/19/2004,91,Thành phố Hồ Chí Minh,NULL,NULL,NULL,CASA0000-298,NULL,NULL,NULL,731
299,91343001,79668888299,CIF9081033,CÔNG TY CỔ PHẦN VẬN TẢI THƯƠNG MẠI VÀ ĐẦU TƯ XÂY DỰNG QUYẾT THẮNG,8/20/2024,NULL,6868790113,TC,ID03,7/5/2006,91,Thành phố Hà Nội,NULL,16,1800000000,CASA0000-299,NGUYỄN VĂN DƯƠNG VÀ PHAN THỊ HƯỜNG,8688790113,3,501
300,92343001,79668888300,CIF9081034,CÔNG TY CP XÂY LẮP VÀ TM TÙNG LÂM,8/21/2024,NULL,6868790114,TC,ID03,12/13/2000,92,Thành phố Hải Phòng,NULL,18,1950000000,CASA0000-300,NGUYỄN XUÂN AN,8688790114,3,332
301,96343001,79668888301,CIF9081035,PHAN CẢNH DUY,8/22/2024,7/24/1986,6868790115,CN,ID01,7/19/2004,96,Thành phố Hồ Chí Minh,NULL,NULL,NULL,CASA0000-301,NULL,NULL,NULL,464
302,25302001,79668888302,CIF9081036,"CTY TNHH SẢN XUẤT, XUẤT NHẬP KHẨU, DỊCH VỤ VÀ ĐẦU TƯ VIỆT HÀ",8/23/2024,NULL,6868790116,TC,ID03,10/10/2002,25,Thành phố Hà Nội,NULL,17,6000000000,CASA0000-302,CHÂU HOÀNG NHU,8688790116,3,139
303,26302001,79668888303,CIF9081037,PHẠM THỊ HUỆ,8/24/2024,1/14/1990,6868790117,CN,ID01,1/10/2008,26,Thành phố Hà Nội,NULL,NULL,NULL,CASA0000-303,NULL,NULL,NULL,478
304,27302001,79668888304,CIF9081038,CAO ĐÌNH LỢI,8/25/2024,5/31/1980,6868790118,CN,ID01,5/27/1998,27,Tỉnh Hà Tây,NULL,NULL,NULL,CASA0000-304,NULL,NULL,NULL,561
305,31343001,79668888305,CIF9081039,CÔNG TY CỔ PHẦN SẢN XUẤT THƯƠNG MẠI BAO BÌ CƯỜNG ĐẠI,8/26/2024,NULL,6868790119,TC,ID03,6/13/2012,31,Thành phố Hà Nội,NULL,19,1900000000,CASA0000-305,LÊ THỊ THANH VÂN,8688790119,3,170
306,35302001,79668888306,CIF9081040,ĐÀO DUY HẬU ,8/27/2024,3/6/1990,6868790120,CN,ID01,3/1/2008,35,Thành phố Hải Phòng,NULL,NULL,NULL,CASA0000-306,NULL,NULL,NULL,477
307,42302001,79668888307,CIF9081041,CÔNG TY TNHH PHÁT TRIỂN CÔNG NGHỆ VÀ THƯƠNG MẠI TỔNG HỢP 30.04,8/28/2024,NULL,6868790121,TC,ID03,8/14/1998,42,Thành phố Hà Nội,NULL,12,500000000,CASA0000-307,ĐỖ VĂN SƠN VÀ VỢ LÀ BÀ PHẠM THỊ LỰU,8688790121,3,139
308,44302001,79668888308,CIF9081042,NGUYỄN ĐỨC TÂN,8/29/2024,10/22/1936,6868790122,CN,ID01,10/18/1954,44,Thành phố Hà Nội,NULL,NULL,NULL,CASA0000-308,NULL,NULL,NULL,952
309,48302002,79668888309,CIF9081043,ĐINH THỊ DUYÊN,8/30/2024,7/25/1992,6868790123,CN,ID02,7/21/2010,48,Thành phố Hải Phòng,NULL,NULL,NULL,CASA0000-309,NULL,NULL,NULL,469
310,48343001,79668888310,CIF9081044,NGUYỄN THỊ THUYÊN,8/31/2024,12/18/1981,6868790124,CN,ID02,12/14/1999,48,Thành phố Hà Nội,NULL,NULL,NULL,CASA0000-310,NULL,NULL,NULL,561
311,52302001,79668888311,CIF9081045,QUÁCH VĂN TIẾN ,9/1/2024,10/23/1987,6868790125,CN,ID02,10/18/2005,52,Thành phố Hải Phòng,NULL,NULL,NULL,CASA0000-311,NULL,NULL,NULL,681
312,54302001,79668888312,CIF9081046,CT TNHH XNK &TM 23.10,9/2/2024,NULL,6868790126,TC,ID03,10/19/2006,54,Thành phố Hà Nội,NULL,10,5000000000,CASA0000-312,LÊ VĂN QUẾ,8688790126,3,439
313,56302001,79668888313,CIF9081047,CÔNG TY TNHH PHÚ CƯỜNG,9/3/2024,NULL,6868790127,TC,ID03,8/27/2008,56,Thành phố Hải Phòng,NULL,34,9900000000,CASA0000-313,NGUYỄN CAO HỌC VÀ VỢ LÀ BÀ ĐÀO THỊ DÒN,8688790127,3,410
314,56343001,79668888314,CIF9081048,CÔNG TY TNHH PHƯƠNG NAM,9/4/2024,NULL,6868790128,TC,ID03,4/22/2000,56,Tỉnh Quảng Ninh,NULL,15,8000000000,CASA0000-314,TRỊNH THỊ CẨM NHUNG,8688790128,3,410
315,60302001,79668888315,CIF9081049,CT TNHH TM-DV THIÊN NHIÊN TƯƠI ĐẸP,9/5/2024,NULL,6868790129,TC,ID03,4/22/1978,60,Thành phố Hồ Chí Minh,NULL,55,88000000000,CASA0000-315,LƯU HỮU TIẾN,8688790129,3,791
316,72302001,79668888316,CIF9081050,CÔNG TY TNHH XÂY DỰNG VẬN TẢI TRUNG TÌNH,9/6/2024,NULL,6868790130,TC,ID03,10/11/2002,72,Thành phố Hải Phòng,NULL,16,500000000,CASA0000-316,TRẦN KIM SƠN VÀ VÕ THỊ HỒNG,8688790130,3,501
317,75302001,79668888317,CIF9081051,TRỊNH XUÂN BÌNH,9/7/2024,11/8/1985,6868790131,CN,ID01,11/4/2003,75,Thành phố Hà Nội,NULL,NULL,NULL,CASA0000-317,NULL,NULL,NULL,464
318,79343002,79668888318,CIF9081052,QUÁCH VĂN TRÍ,9/8/2024,1/13/1989,6868790132,CN,ID02,1/9/2007,79,Thành phố Hải Phòng,NULL,NULL,NULL,CASA0000-318,NULL,NULL,NULL,561
319,80302001,79668888319,CIF9081053,NGUYỄN TRỌNG CHIỀU,9/9/2024,9/9/1991,6868790133,CN,ID02,9/4/2009,80,Bộ Quốc Phòng,NULL,NULL,NULL,CASA0000-319,NULL,NULL,NULL,478
320,89343003,79668888320,CIF9081054,NGUYỄN QUANG LONG,9/10/2024,7/24/1980,6868790134,CN,ID02,7/20/1998,89,Thành phố Hải Phòng,NULL,NULL,NULL,CASA0000-320,NULL,NULL,NULL,561
321,91302001,79668888321,CIF9081055,CÔNG TY CỔ PHẦN ĐẦU TƯ THIÊN AN MÔN,9/11/2024,NULL,6868790135,TC,ID03,12/22/2010,91,Thành phố Hà Nội,NULL,24,5000000000,CASA0000-321,NGUYỄN HUY TRANH,8688790135,3,410
322,91343001,79668888322,CIF9081056,ĐỖ CÔNG CHẤT,9/12/2024,6/21/1985,6868790136,CN,ID01,6/17/2003,91,Thành phố Cần Thơ,NULL,NULL,NULL,CASA0000-322,NULL,NULL,NULL,561
323,92343001,79668888323,CIF9081057,NGUYỄN THỊ THU THỦY,10/1/2024,7/31/1988,6868790137,CN,ID01,7/27/2006,92,Thành phố Hà Nội,NULL,NULL,NULL,CASA0000-323,NULL,NULL,NULL,561
324,96343001,79668888324,CIF9081058,HỢP TÁC XÃ BẠCH ĐÀN,10/2/2024,NULL,6868790138,TC,ID03,8/6/2002,96,Thành phố Hải Phòng,NULL,10,2853000000,CASA0000-324,LÊ MINH HIẾU  ,8688790138,5,15
325,25302001,79668888325,CIF9081059,CÔNG TY TNHH THƯƠNG MẠI DỊCH VỤ VÀ SẢN XUẤT PHI LONG MIỀN BẮC,10/3/2024,NULL,6868790139,TC,ID03,6/3/2008,25,Tỉnh Bắc Ninh,NULL,45,80000000000,CASA0000-325,NGUYỄN THỊ THU HÀ,8688790139,5,410
326,26302001,79668888326,CIF9081060,CÔNG TY CỔ PHẦN ỐNG MỀM VIỆT NAM,10/4/2024,NULL,6868790140,TC,ID03,1/11/2011,26,Thành phố Hồ Chí Minh,NULL,56,4800000000,CASA0000-326,ĐỖ THỊ NGHĨA,8688790140,5,432
327,27302001,79668888327,CIF9081061,TRẦN THỊ THƠM,10/5/2024,4/1/1978,6868790141,CN,ID01,3/27/1996,27,Thành phố Hải Phòng,NULL,NULL,NULL,CASA0000-327,NULL,NULL,NULL,453
328,31343001,79668888328,CIF9081062,CTCP XÂY DỰNG VÀ VẬN TẢI TRỌNG TẤN,10/6/2024,NULL,6868790142,TC,ID03,8/4/2003,31,Thành phố Hải Phòng,NULL,24,5000000000,CASA0000-328,LIỄU HỒNG THUẬN,8688790142,5,410
329,35302001,79668888329,CIF9081063,CT TNHH TM THIÊN LONG,10/7/2024,NULL,6868790143,TC,ID03,11/9/2006,35,Thành phố Hải Phòng,NULL,18,1900000000,CASA0000-329,NGUYỄN TRUNG DŨNG,8688790143,5,439
330,42302001,79668888330,CIF9081064,BÙI THỊ BẮC,10/8/2024,11/21/1988,6868790144,CN,ID01,11/17/2006,42,Thành phố Hải Phòng,NULL,NULL,NULL,CASA0000-330,NULL,NULL,NULL,469
331,44302001,79668888331,CIF9081065,CÔNG TY CỔ PHẦN TM XD VẬT TƯ KIM KHÍ VÀ VẬN TẢI HỒ LÔ,10/9/2024,NULL,6868790145,TC,ID03,7/17/2010,44,Thành phố Hải Phòng,NULL,16,5000000000,CASA0000-331,LÊ HÙNG CƯỜNG,8688790145,5,493
332,48302002,79668888332,CIF9081066,CTY CP THƯƠNG MẠI CHÍNH CHÍNH,10/10/2024,NULL,6868790146,TC,ID03,6/26/2009,48,Thành phố Hải Phòng,NULL,17,1500000000,CASA0000-332,PHẠM THÀNH BUÔN,8688790146,5,410
333,48343001,79668888333,CIF9081067,CÔNG TY CỔ PHẦN XÂY DỰNG VẬN TẢI ĐẠI LỢI,10/11/2024,NULL,6868790147,TC,ID03,2/4/2009,48,Thành phố Hải Phòng,NULL,21,2000000000,CASA0000-333,LIỄU THỊ MỘNG QUYÊN,8688790147,5,493
334,52302001,79668888334,CIF9081068,CÔNG TY TNHH THƯƠNG MẠI VÀ KỸ THUẬT CHIỀU CHIỀU,10/12/2024,NULL,6868790148,TC,ID03,8/28/2008,52,Thành phố Hải Phòng,NULL,16,1000000000,CASA0000-334,LÊ THỊ THU CHÚC,8688790148,5,332
335,54302001,79668888335,CIF9081069,CTY CP XNK 1.1,10/13/2024,NULL,6868790149,TC,ID03,11/13/2006,54,Thành phố Hải Phòng,NULL,28,20000000000,CASA0000-335,NGUYỄN HUY ĐỒNG,8688790149,5,410
336,56302001,79668888336,CIF9081070,CTY TNHH XD TM DV 34,10/14/2024,NULL,6868790150,TC,ID03,6/21/2010,56,Thành phố Hải Phòng,NULL,15,1800000000,CASA0000-336,PHẠM VĂN QUANG,8688790150,5,439
337,56343001,79668888337,CIF9081071,DOANH NGHIỆP TƯ NHÂN HÙNG CƯỜNG,10/15/2024,NULL,6868790151,TC,ID03,12/14/2006,56,Thành phố Hải Phòng,NULL,16,1000000000,CASA0000-337,LÊ THU BẠCH TUYỀN,8688790151,5,493
338,60302001,79668888338,CIF9081072,CÔNG TY CỔ PHẦN KHOÁNG SẢN HOÀNG LAM,10/16/2024,NULL,6868790152,TC,ID03,2/12/1998,60,Thành phố Hải Phòng,NULL,30,20000000000,CASA0000-338,TRẦN NGỌC TUYỂN,8688790152,5,241
339,72302001,79668888339,CIF9081073,CÔNG TY TNHH THƯƠNG MẠI DỊCH VỤ VĂN LANG,10/17/2024,NULL,6868790153,TC,ID03,6/28/2006,72,Thành phố Hải Phòng,NULL,21,2000000000,CASA0000-339,NGUYỄN CHÁNH THỂ,8688790153,5,493
340,75302001,79668888340,CIF9081074,CÔNG TY CỔ PHẦN QUẢNG CÁO VÀ TRANG TRÍ NỘI THẤT BẠCH HỔ,10/18/2024,NULL,6868790154,TC,ID03,1/8/2009,75,Thành phố Hải Phòng,NULL,21,1200000000,CASA0000-340,ÔNG NGUYỄN NGUYÊN THIỆN ÁI VÀ BÀ PHAN THANH NGỌC,8688790154,5,162
341,79343002,79668888341,CIF9081075,CÔNG TY CỔ PHẦN ĐẦU TƯ VÀ XÂY DỰNG AN TOÀN,10/19/2024,NULL,6868790155,TC,ID03,3/18/1999,79,Thành phố Hải Phòng,NULL,21,3000000000,CASA0000-341,NGUYỄN THỊ THƯƠNG,8688790155,5,410
342,80302001,79668888342,CIF9081076,CÔNG TY TNHH THƯƠNG MẠI VÀ DỊCH VỤ TRƯỜNG HẢI,10/20/2024,NULL,6868790156,TC,ID03,3/12/2008,80,Thành phố Hải Phòng,NULL,21,6000000000,CASA0000-342,NGUYỄN THỊ CAO,8688790156,5,493
343,89343003,79668888343,CIF9081077,CÔNG TY TNHH THƯƠNG MẠI MẠNH MẼ,10/21/2024,NULL,6868790157,TC,ID03,1/21/2011,89,Thành phố Hải Phòng,NULL,21,1000000000,CASA0000-343,BÀ THÁI THỊ THÚY HẰNG VÀ ÔNG LÊ QUỐC HƯNG,8688790157,5,493
344,91302001,79668888344,CIF9081078,CÔNG TY TNHH XÂY DỰNG VÀ DU LỊCH CÚC HOA,10/22/2024,NULL,6868790158,TC,ID03,7/10/2003,91,Thành phố Hải Phòng,NULL,21,13100000000,CASA0000-344,NGUYỄN HOÀNG HẢI,8688790158,5,791
345,91343001,79668888345,CIF9081079,TRẦN CHÍ HƯỚNG,10/23/2024,12/31/1991,6868790159,CN,ID01,12/26/2009,91,Thành phố Hải Phòng,NULL,NULL,NULL,CASA0000-345,NULL,NULL,NULL,731
346,92343001,79668888346,CIF9081080,CÔNG TY CỔ PHẦN THƯƠNG MẠI VÀ ĐẦU TƯ LC,10/24/2024,NULL,6868790160,TC,ID03,11/14/1990,92,Thành phố Hải Phòng,NULL,21,98000000000,CASA0000-346,LÊ VĂN ĐỰC  ,8688790160,5,493
347,96343001,79668888347,CIF9081081,CÔNG TY TNHH XÂY DỰNG VÀ DỊCH VỤ VŨ THẮNG,10/25/2024,NULL,6868790161,TC,ID03,3/6/2000,96,Thành phố Hải Phòng,NULL,21,4000000000,CASA0000-347,LƯU THỊ NGỌC MAI ,8688790161,5,493
348,25302001,79668888348,CIF9081082,LÊ VĂN QUẢNG,10/26/2024,5/12/1991,6868790162,CN,ID01,5/7/2009,25,Thành phố Hải Phòng,NULL,NULL,NULL,CASA0000-348,NULL,NULL,NULL,561
349,26302001,79668888349,CIF9081083,ĐẶNG BÁ DUY,10/27/2024,7/26/1975,6868790163,CN,ID02,7/21/1993,26,Thành phố Hải Phòng,NULL,NULL,NULL,CASA0000-349,NULL,NULL,NULL,952
350,27302001,79668888350,CIF9081084,NGUYỄN THỊ NGÂN,10/28/2024,4/4/1992,6868790164,CN,ID02,3/31/2010,27,Thành phố Hải Phòng,NULL,NULL,NULL,CASA0000-350,NULL,NULL,NULL,477
351,31343001,79668888351,CIF9081085,NGUYỄN HẢI TUYẾN,10/29/2024,6/14/1992,6868790165,CN,ID02,6/10/2010,31,Thành phố Hải Phòng,NULL,NULL,NULL,CASA0000-351,NULL,NULL,NULL,464
352,35302001,79668888352,CIF9081086,CÔNG TY CỔ PHẦN DỊCH VỤ THƯƠNG MẠI VẬN TẢI TRƯỜNG AN,10/30/2024,NULL,6868790166,TC,ID03,12/1/2006,35,Thành phố Hải Phòng,NULL,21,2700000000,CASA0000-352,ĐOÀN THỊ THÍCH,8688790166,5,493
353,42302001,79668888353,CIF9081087,NGUYỄN THỊ MINH THÚY,10/31/2024,7/29/1977,6868790167,CN,ID02,7/25/1995,42,Thành phố Hải Phòng,NULL,NULL,NULL,CASA0000-353,NULL,NULL,NULL,561
354,44302001,79668888354,CIF9081088,CTY TNHH TM DV VÀ XD PHƯƠNG ANH,11/1/2024,NULL,6868790168,TC,ID03,8/26/2003,44,Thành phố Hải Phòng,NULL,21,2400000000,CASA0000-354,NGUYỄN THỊ THU,8688790168,5,410
355,48302002,79668888355,CIF9081089,CÔNG TY CỔ PHẦN DƯƠNG QUÂN,11/2/2024,NULL,6868790169,TC,ID03,6/15/2010,48,Thành phố Hải Phòng,NULL,21,2790000000,CASA0000-355,NGUYỄN THỊ THU HÀ VÀ PHẠM HỮU LỘC,8688790169,5,439
356,48343001,79668888356,CIF9081090,CÔNG TY CP PHÚ MINH FIC,11/3/2024,NULL,6868790170,TC,ID03,10/22/2003,48,Thành phố Hải Phòng,NULL,84,20000000000,CASA0000-356,NGÔ THỊ THU CÚC,8688790170,5,410
357,52302001,79668888357,CIF9081091,PHẠM THỊ KHƯƠNG,11/4/2024,10/17/1992,6868790171,CN,ID02,10/13/2010,52,Thành phố Hải Phòng,NULL,NULL,NULL,CASA0000-357,NULL,NULL,NULL,478
358,54302001,79668888358,CIF9081092,CÔNG TY TNHH QUÝ HẢI,11/5/2024,NULL,6868790172,TC,ID03,1/27/2010,54,Thành phố Hải Phòng,NULL,21,3500000000,CASA0000-358,TRƯƠNG THỊ TRÚC MAI,8688790172,5,81
359,56302001,79668888359,CIF9081093,CÔNG TY TNHH ĐẠI PHÁT,11/6/2024,NULL,6868790173,TC,ID03,6/13/1998,56,Thành phố Hải Phòng,NULL,21,950000000,CASA0000-359,TRANG THU LIÊN,8688790173,5,410
360,56343001,79668888360,CIF9081094,CTY CP TM XNK MẠNH HÙNG,11/7/2024,NULL,6868790174,TC,ID03,9/20/2006,56,Thành phố Hải Phòng,NULL,21,1500000000,CASA0000-360,TRẦN THÀNH TRUNG,8688790174,6,501
361,60302001,79668888361,CIF9081095,NGUYỄN VĂN HOÀNG,11/8/2024,2/26/1984,6868790175,CN,ID02,2/21/2002,60,Thành phố Hồ Chí Minh,NULL,NULL,NULL,CASA0000-361,NULL,NULL,NULL,561
362,72302001,79668888362,CIF9081096,CÔNG TY CỔ PHẦN THƯƠNG MẠI HƯNG  THỊNH PHÚC,11/9/2024,NULL,6868790176,TC,ID03,11/26/1999,72,Thành phố Hải Phòng,NULL,77,6000000000,CASA0000-362,LÊ THÁI QUANG THUẬN,8688790176,5,139
363,75302001,79668888363,CIF9081097, CÔNG TY CỔ PHẦN ĐẦU TƯ G-H,11/10/2024,NULL,6868790177,TC,ID03,7/1/1996,75,Thành phố Hà Nội,NULL,21,9999000000,CASA0000-363,HỒ VĂN BẠC,8688790177,5,439
364,79343002,79668888364,CIF9081098,CÔNG TY CỔ PHẦN ĐẦU TƯ JQK,11/11/2024,NULL,6868790178,TC,ID03,5/25/2009,79,Thành phố Hà Nội,NULL,21,9999000000,CASA0000-364,NGUYỄN THỊ HỒNG  ,8688790178,5,410
365,80302001,79668888365,CIF9081099,CÔNG TY CỔ PHẦN ĐẦU TƯ KAIMA,11/12/2024,NULL,6868790179,TC,ID03,5/29/2006,80,Thành phố Hà Nội,NULL,21,7000000000,CASA0000-365,ĐINH CÔNG SƠN,8688790179,5,410
366,89343003,79668888366,CIF9081100,CÔNG TY TNHH DỊCH VỤ THƯƠNG MẠI VÀ SẢN XUẤT TRANG ANH,11/13/2024,NULL,6868790180,TC,ID03,10/11/2006,89,Thành phố Hà Nội,NULL,21,9000000000,CASA0000-366,TRẦN CANG TRỰC,8688790180,5,410
367,91302001,79668888367,CIF9081101,CÔNG TY CỔ PHẦN TIẾP VẬN QUỐC TẾ TOÀN CẦU,11/14/2024,NULL,6868790181,TC,ID03,1/5/2011,91,Thành phố Hà Nội,NULL,45,18000000000,CASA0000-367,DƯƠNG THANH TÚ,8688790181,4,501
368,91343001,79668888368,CIF9081102,THÁI SƠN HOÀNG,11/15/2024,6/21/1980,6868790182,CN,ID02,6/17/1998,91,Thành phố Hồ Chí Minh,NULL,NULL,NULL,CASA0000-368,NULL,NULL,NULL,681
369,92343001,79668888369,CIF9081103,CÔNG TY TNHH ĐẦU TƯ XÂY DỰNG THD VIỆT NAM,11/16/2024,NULL,6868790183,TC,ID03,7/6/2007,92,Thành phố Hà Nội,NULL,21,10000000000,CASA0000-369,NGUYỄN KHẮC NGHIÊM ,8688790183,4,410
370,96343001,79668888370,CIF9081104,NGUYỄN ĐỨC THIỆN,11/17/2024,1/20/1983,6868790184,CN,ID02,1/15/2001,96,Thành phố Hà Nội,NULL,NULL,NULL,CASA0000-370,NULL,NULL,NULL,469
371,25302001,79668888371,CIF9081105,NGUYỄN NGỌC HẢI,11/18/2024,10/24/1983,6868790185,CN,ID02,10/19/2001,25,Thành phố Hà Nội,NULL,NULL,NULL,CASA0000-371,NULL,NULL,NULL,731
372,26302001,79668888372,CIF9081106,NGUYỄN HOÀI PHƯƠNG,11/19/2024,8/3/1991,6868790186,CN,ID02,7/29/2009,26,Tỉnh Hà Tây,NULL,NULL,NULL,CASA0000-372,NULL,NULL,NULL,561
373,27302001,79668888373,CIF9081107,CÔNG TY CỔ PHẦN THƯƠNG MẠI SƠN HÀ,11/20/2024,NULL,6868790187,TC,ID03,7/29/2009,27,Tỉnh Bắc Giang,NULL,21,10200000000,CASA0000-373,PHẠM QUANG HÒA,8688790187,4,410
374,31343001,79668888374,CIF9081108,PHẠM MẠNH HÙNG,11/21/2024,12/27/1990,6868790188,CN,ID01,12/22/2008,31,Thành phố Hải Phòng,NULL,NULL,NULL,CASA0000-374,NULL,NULL,NULL,464
375,35302001,79668888375,CIF9081109,HÀ VIỆT ANH,11/22/2024,12/12/1991,6868790189,CN,ID02,12/7/2009,35,Thành phố Hà Nội,NULL,NULL,NULL,CASA0000-375,NULL,NULL,NULL,952
376,42302001,79668888376,CIF9081110,HÀN THỊ THU HIỀN,11/23/2024,10/29/1988,6868790190,CN,ID02,10/25/2006,42,Thành phố Hồ Chí Minh,NULL,NULL,NULL,CASA0000-376,NULL,NULL,NULL,561
377,44302001,79668888377,CIF9081111,NGUYỄN ĐÌNH VINH,11/24/2024,10/13/1986,6868790191,CN,ID01,10/8/2004,44,Thành phố Hà Nội,NULL,NULL,NULL,CASA0000-377,NULL,NULL,NULL,453
378,48302002,79668888378,CIF9081112,BÙI AN GIANG,11/25/2024,5/15/1987,6868790192,CN,ID02,5/10/2005,48,Thành phố Hà Nội,NULL,NULL,NULL,CASA0000-378,NULL,NULL,NULL,478
379,48343001,79668888379,CIF9081113,VŨ THỊ THANH NHÀN,11/26/2024,5/14/1992,6868790193,CN,ID02,5/10/2010,48,Thành phố Hà Nội,NULL,NULL,NULL,CASA0000-379,NULL,NULL,NULL,561
380,52302001,79668888380,CIF9081114,TẠ NGỌC THƯỞNG,11/27/2024,12/27/1979,6868790194,CN,ID02,12/22/1997,52,Thành phố Hồ Chí Minh,NULL,NULL,NULL,CASA0000-380,NULL,NULL,NULL,681
381,54302001,79668888381,CIF9081115,NGUYỄN THỊ TÒAN,11/28/2024,4/25/1986,6868790195,CN,ID02,4/20/2004,54,Thành phố Hải Phòng,NULL,NULL,NULL,CASA0000-381,NULL,NULL,NULL,469
382,56302001,79668888382,CIF9081116,CÔNG TY CỔ PHẦN MASTER-CHEF,11/29/2024,NULL,6868790196,TC,ID03,1/21/2000,56,Thành phố Hà Nội,NULL,73,38000000000,CASA0000-382,NGUYỄN MỸ HẬN ,8688790196,4,563
383,56343001,79668888383,CIF9081117,CÔNG TY TNHH FLEXIBILITY VIỆT NAM,11/30/2024,NULL,6868790197,TC,ID03,1/4/2006,56,Tỉnh Bắc Ninh,NULL,289,4.84156E+11,CASA0000-383,NGUYỄN THANH LÀNH,8688790197,4,563
384,60302001,79668888384,CIF9081118,CÔNG TY TNHH MTV DL & TM CÔNG CỘNG,12/1/2024,NULL,6868790198,TC,ID03,11/18/2008,60,Tỉnh Nghệ An,NULL,21,8495467571,CASA0000-384,NGUYỄN CAO CƯỜNG,8688790198,4,439
385,72302001,79668888385,CIF9081119,CÔNG TY TNHH SẢN XUẤT THƯƠNG MẠI DỊCH VỤ THUẬN THIÊN,12/2/2024,NULL,6868790199,TC,ID03,7/8/2005,72,Tỉnh An Giang,NULL,600,1.3E+11,CASA0000-385,NGUYỄN HÒA HIỆP ,8688790199,4,439
386,75302001,79668888386,CIF9081120,TRẦN THỊ YẾN HẰNG,12/3/2024,6/27/1987,6868790200,CN,ID02,6/22/2005,75,Tỉnh Nam Định,NULL,NULL,NULL,CASA0000-386,NULL,NULL,NULL,952
387,74302001,79968982064,CIF000101,ĐẶNG QUỐC BẢO,6/10/2018,6/7/1984,16467848,CN,ID02,7/4/2003,8,TUYÊN QUANG,NULL,NULL,NULL,CASA0-180001,NULL,NULL,NULL,15
388,1302006,79968982061,CIF000102,TRẦN LÊ NHẬT ĐĂNG,6/30/2018,9/14/1978,16467845,CN,ID01,11/12/2008,1,ĐÔNG ANH - HÀ NỘI,NULL,NULL,NULL,CASA0-180002,NULL,NULL,NULL,681
389,74302001,79968982065,CIF000103,NGUYỄN HOÀNG HẢI,9/14/2018,4/5/1986,16467849,CN,ID01,9/21/2007,30,HẢI DƯƠNG,NULL,NULL,NULL,CASA0-180003,NULL,NULL,NULL,422
390,79302001,79968982025,CIF000104,ĐẶNG THỊ MAI,10/21/2018,2/8/1988,16467809,CN,ID01,11/2/2007,11,HÒA BÌNH,NULL,NULL,NULL,CASA0-180004,NULL,NULL,NULL,429
391,1302004,79968982058,CIF000105,LÊ HOÀNG TRÂN CHÂU,5/3/2019,4/28/1986,16467842,CN,ID01,12/6/2005,26,VĨNH YÊN,NULL,NULL,NULL,CASA0-180005,NULL,NULL,NULL,681
392,1302005,79968982059,CIF000106,TRẦN TUẤN MINH,7/2/2019,9/10/1988,16467843,CN,ID01,9/2/2007,1,THANH XUÂN - HÀ NỘI,NULL,NULL,NULL,CASA0-180006,NULL,NULL,NULL,851
393,1302005,79968982060,CIF000107,NGUYỄN PHẠM MINH CHIẾN,3/4/2020,4/7/1980,16467844,CN,ID01,4/22/1999,1,CHƯƠNG DƯƠNG - HÀ NỘI,NULL,NULL,NULL,CASA0-180007,NULL,NULL,NULL,852
394,79302002,79968982026,CIF000108,LƯƠNG THỊ THU HƯƠNG,4/24/2021,6/30/1984,16467810,CN,ID01,9/28/2004,20,CỬA KHẨU LẠNG SƠN,NULL,NULL,NULL,CASA0-180008,NULL,NULL,NULL,853
395,1302006,79968982062,CIF000109,NGUYỄN THỊ HỒNG,4/26/2021,11/29/1978,16467846,CN,ID02,3/20/2008,1,HOÀNG DIỆU - HÀ NỘI,NULL,NULL,NULL,CASA0-180009,NULL,NULL,NULL,854
396,1302003,79968982056,CIF000110,NGUYỄN ĐỨC ANH KIỆT,7/17/2021,10/6/1992,16467840,CN,ID01,12/15/2010,25,NAM ĐỒNG - ĐỐNG ĐA - HÀ NỘI,NULL,NULL,NULL,CASA0-180010,NULL,NULL,NULL,855
397,1343002,79968982063,CIF000111,NGUYỄN HOÀNG NGUYỆT ÁNH,8/2/2021,11/27/1998,16467847,CN,ID02,5/20/2009,1,NGUYỄN TRI PHƯƠNG - BA ĐÌNH - HÀ NỘI,NULL,NULL,NULL,CASA0-180011,NULL,NULL,NULL,682
398,1343002,79968982028,CIF000112,LÊ THỊ PHƯƠNG ANH,8/13/2021,5/11/1985,16467812,CN,ID01,4/14/2007,1,XÃ ĐÀN - HÀ NỘI,NULL,NULL,NULL,CASA0-180012,NULL,NULL,NULL,681
399,1343002,79968982057,CIF000113,NGUYỄN NGỌC LINH GIANG,10/22/2021,3/20/1973,16467841,CN,ID01,9/26/2010,1,QUANG TRUNG - HÀ ĐÔNG - HÀ NỘI,NULL,NULL,NULL,CASA0-180013,NULL,NULL,NULL,681
400,79302003,79968982027,CIF000114,LÊ THỊ THU,7/11/2022,8/20/1987,16467811,CN,ID01,9/21/2005,1,THANH XUÂN - HÀ NỘI,NULL,NULL,NULL,CASA0-180014,NULL,NULL,NULL,432
401,26302001,79968982078,CIF000115,PHẠM TUẤN THÀNH,7/2/2023,6/1/1991,16467862,CN,ID01,6/11/2010,26,THÀNH PHỐ HẢI PHÒNG,NULL,NULL,NULL,CASA0-180015,NULL,NULL,NULL,410
402,27302001,79968982079,CIF000116,LÊ TOÀN VĨNH,8/7/2023,10/2/1980,16467863,CN,ID01,10/13/1999,27,THÀNH PHỐ HẢI PHÒNG,NULL,NULL,NULL,CASA0-180016,NULL,NULL,NULL,410
403,31343001,79968982080,CIF000117,CAO CÔNG MẠNH,8/7/2023,11/20/1989,16467864,CN,ID02,11/30/2008,31,THÀNH PHỐ HẢI PHÒNG,NULL,NULL,NULL,CASA0-180017,NULL,NULL,NULL,464
404,35302001,79968982081,CIF000118,NGUYỄN VĂN QUANG,8/8/2023,5/16/1980,16467865,CN,ID02,5/27/1999,35,THÀNH PHỐ HÀ NỘI,NULL,NULL,NULL,CASA0-180018,NULL,NULL,NULL,469
405,42302001,79968982082,CIF000119,NGUYỄN THỊ THÚY,8/9/2023,9/25/1978,16467866,CN,ID02,10/5/1997,42,THÀNH PHỐ HÀ NỘI,NULL,NULL,NULL,CASA0-180019,NULL,NULL,NULL,681
406,44302001,79968982083,CIF000120,TRẦN THỊ BÍCH,8/10/2023,8/1/1980,16467867,CN,ID01,8/12/1999,44,TỈNH ĐỒNG NAI,NULL,NULL,NULL,CASA0-180020,NULL,NULL,NULL,15
407,54302001,79968982084,CIF000121,PHẠM VĂN THẮNG,8/14/2023,3/30/1985,16467868,CN,ID01,4/9/2004,54,THÀNH PHỐ HẢI PHÒNG,NULL,NULL,NULL,CASA0-180021,NULL,NULL,NULL,851
408,56302001,79968982085,CIF000122,TRẦN NGUYỄN QUỐC ANH,8/15/2023,2/6/1978,16467869,CN,ID01,2/16/1997,56,THÀNH PHỐ HẢI PHÒNG,NULL,NULL,NULL,CASA0-180022,NULL,NULL,NULL,852
409,56343001,79968982086,CIF000123,NGUYỄN THỊ HOA,8/16/2023,9/29/1989,16467870,CN,ID01,10/9/2008,56,THÀNH PHỐ HẢI PHÒNG,NULL,NULL,NULL,CASA0-180023,NULL,NULL,NULL,853
410,60302001,79968982087,CIF000124,LƯƠNG THANH HẢI,8/17/2023,11/25/1988,16467871,CN,ID02,12/6/2007,60,THÀNH PHỐ HẢI PHÒNG,NULL,NULL,NULL,CASA0-180024,NULL,NULL,NULL,854
411,72302001,79968982088,CIF000125,LƯƠNG VĂN HUÊ,8/18/2023,11/1/1986,16467872,CN,ID02,11/11/2005,72,THÀNH PHỐ HẢI PHÒNG,NULL,NULL,NULL,CASA0-180025,NULL,NULL,NULL,855
412,75302001,79968982089,CIF000126,NGUYỄN MẠNH CƯỜNG,8/19/2023,8/10/1990,16467873,CN,ID02,8/20/2009,75,THÀNH PHỐ HẢI PHÒNG,NULL,NULL,NULL,CASA0-180026,NULL,NULL,NULL,15
413,79343002,79968982090,CIF000127,BÙI NGỌC ANH,9/14/2023,6/18/1989,16467874,CN,ID01,6/28/2008,79,THÀNH PHỐ HẢI PHÒNG,NULL,NULL,NULL,CASA0-180027,NULL,NULL,NULL,15
414,80302001,79968982091,CIF000128,VŨ HUY TÀI,9/15/2023,4/3/1988,16467875,CN,ID02,4/14/2007,80,THÀNH PHỐ HẢI PHÒNG,NULL,NULL,NULL,CASA0-180028,NULL,NULL,NULL,861
415,89343003,79968982092,CIF000129,TRƯƠNG VĂN DŨNG,9/16/2023,3/23/1983,16467876,CN,ID01,4/2/2002,89,THÀNH PHỐ HẢI PHÒNG,NULL,NULL,NULL,CASA0-180029,NULL,NULL,NULL,862
416,91302001,79968982093,CIF000130,ĐỖ THỊ HẢO,9/17/2023,6/18/1989,16467877,CN,ID01,6/28/2008,91,THÀNH PHỐ HẢI PHÒNG,NULL,NULL,NULL,CASA0-180030,NULL,NULL,NULL,869
417,25302001,79968982094,CIF000131,ĐÀO THỊ THU TRANG,9/21/2023,4/10/1989,16467878,CN,ID01,4/20/2008,25,THÀNH PHỐ HẢI PHÒNG,NULL,NULL,NULL,CASA0-180031,NULL,NULL,NULL,410
418,48302002,79968982095,CIF000132,ĐÀO CHÍ VỊNH,10/3/2023,6/18/1989,16467879,CN,ID01,6/28/2008,48,THÀNH PHỐ HẢI PHÒNG,NULL,NULL,NULL,CASA0-180032,NULL,NULL,NULL,410
419,56343001,79968982096,CIF000133,TRẦN VĂN ĐƯỜNG,10/8/2023,9/19/1981,16467880,CN,ID02,9/29/2000,56,THÀNH PHỐ HÀ NỘI,NULL,NULL,NULL,CASA0-180033,NULL,NULL,NULL,410
420,60302001,79968982097,CIF000134,BÙI HOÀNG VÂN,10/9/2023,5/13/1978,16467881,CN,ID01,5/23/1997,60,THÀNH PHỐ HÀ NỘI,NULL,NULL,NULL,CASA0-180034,NULL,NULL,NULL,681
421,72302001,79968982098,CIF000135,ĐOÀN THỊ THANH LOAN ,11/1/2023,2/1/1990,16467882,CN,ID02,2/11/2009,72,THÀNH PHỐ HỒ CHÍ MINH,NULL,NULL,NULL,CASA0-180035,NULL,NULL,NULL,464
422,75302001,79968982099,CIF000136,BÙI XUÂN ANH,11/2/2023,4/6/1979,16467883,CN,ID01,4/16/1998,75,THÀNH PHỐ HẢI PHÒNG,NULL,NULL,NULL,CASA0-180036,NULL,NULL,NULL,469
423,79343002,79968982100,CIF000137,PHAN THỊ HÀ ANH,11/3/2023,11/26/1983,16467884,CN,ID01,12/6/2002,79,TỈNH HÀ TÂY,NULL,NULL,NULL,CASA0-180037,NULL,NULL,NULL,410
424,89343003,79968982101,CIF000138,NGUYỄN ĐỨC QUÂN,11/5/2023,7/7/1985,16467885,CN,ID02,7/17/2004,89,THÀNH PHỐ HẢI PHÒNG,NULL,NULL,NULL,CASA0-180038,NULL,NULL,NULL,453
425,91302001,79968982102,CIF000139,TRẦN THỊ THỦY NGUYÊN,11/6/2023,6/18/1989,16467886,CN,ID01,6/28/2008,91,THÀNH PHỐ HẢI PHÒNG,NULL,NULL,NULL,CASA0-180039,NULL,NULL,NULL,410
426,91343001,79968982103,CIF000140,LƯƠNG MINH TUẤN ,11/7/2023,2/18/1979,16467887,CN,ID02,2/28/1998,91,THÀNH PHỐ HẢI PHÒNG,NULL,NULL,NULL,CASA0-180040,NULL,NULL,NULL,861
427,92343001,79968982104,CIF000141,NGUYỄN THỊ ĐẠI,11/8/2023,2/18/1988,16467888,CN,ID01,2/28/2007,92,THÀNH PHỐ HẢI PHÒNG,NULL,NULL,NULL,CASA0-180041,NULL,NULL,NULL,862
428,96343001,79968982105,CIF000142,NGUYỄN THỊ THANH HOÀN ,11/9/2023,8/10/1980,16467889,CN,ID01,8/21/1999,96,THÀNH PHỐ HẢI PHÒNG,NULL,NULL,NULL,CASA0-180042,NULL,NULL,NULL,869
429,25302001,79968982106,CIF000143,TRẦN THU HÒA ,11/10/2023,2/13/1983,16467890,CN,ID02,2/23/2002,25,THÀNH PHỐ HẢI PHÒNG,NULL,NULL,NULL,CASA0-180043,NULL,NULL,NULL,410
430,26302001,79968982107,CIF000144,TÔ THỊ HOÀI THU,11/11/2023,3/17/1982,16467891,CN,ID01,3/27/2001,26,THÀNH PHỐ HẢI PHÒNG,NULL,NULL,NULL,CASA0-180044,NULL,NULL,NULL,851
431,27302001,79968982108,CIF000145,LÊ HỒNG QUANG,11/12/2023,6/24/1988,16467892,CN,ID02,7/5/2007,27,THÀNH PHỐ HÀ NỘI,NULL,NULL,NULL,CASA0-180045,NULL,NULL,NULL,852
432,31343001,79968982109,CIF000146,TRẦN THỊ KIM ANH ,11/13/2023,6/1/1988,16467893,CN,ID02,6/12/2007,31,THÀNH PHỐ HẢI PHÒNG,NULL,NULL,NULL,CASA0-180046,NULL,NULL,NULL,853
433,35302001,79968982110,CIF000147,BÙI BÁ TIẾN ,11/14/2023,6/18/1989,16467894,CN,ID01,6/28/2008,35,THÀNH PHỐ HẢI PHÒNG,NULL,NULL,NULL,CASA0-180047,NULL,NULL,NULL,854
434,42302001,79968982111,CIF000148,LÊ VĂN HÒA ,11/15/2023,6/23/1991,16467895,CN,ID02,7/3/2010,42,THÀNH PHỐ HẢI PHÒNG,NULL,NULL,NULL,CASA0-180048,NULL,NULL,NULL,855
435,44302001,79968982112,CIF000149,DƯƠNG PHÚC QUÂN,11/16/2023,5/16/1992,16467896,CN,ID01,5/27/2011,44,THÀNH PHỐ HẢI PHÒNG,NULL,NULL,NULL,CASA0-180049,NULL,NULL,NULL,453
436,79302001,79968982038,CIF000150,LÊ NGỌC TUẤN,12/5/2023,6/20/1994,16467822,CN,ID02,3/22/2014,79,QUẬN NHẤT - TP. HỒ CHÍ MINH,NULL,NULL,NULL,CASA0-180050,NULL,NULL,NULL,682
437,31302003,79968982052,CIF000151,TRẦN LÊ MINH TRIẾT,12/5/2023,10/5/1998,16467836,CN,ID01,7/20/2018,48,ĐÀ NẴNG,NULL,NULL,NULL,CASA0-180051,NULL,NULL,NULL,433
438,1302003,79968982034,CIF000152,LÊ HỒ CÔNG VINH,12/9/2023,10/18/1996,16467818,CN,ID01,7/20/2016,1,THANH XUÂN - HÀ NỘI,NULL,NULL,NULL,CASA0-180052,NULL,NULL,NULL,861
439,79302001,79968982042,CIF000153,PHẠM NGỌC VŨ,12/10/2023,5/23/1996,16467826,CN,ID01,5/13/2016,79,QUẬN 10 - TP. HỒ CHÍ MINH,NULL,NULL,NULL,CASA0-180053,NULL,NULL,NULL,862
440,1302003,79968982035,CIF000154,HOÀNG THÙY LINH,12/11/2023,1/17/1993,16467819,CN,ID01,10/19/2012,25,NAM ĐỒNG - ĐỐNG ĐA - HÀ NỘI,NULL,NULL,NULL,CASA0-180054,NULL,NULL,NULL,869
441,31302003,79968982049,CIF000155,LÊ QUANG DUY KHOA,12/11/2023,1/1/1991,16467833,CN,ID01,12/19/2010,48,ĐÀ NẴNG,NULL,NULL,NULL,CASA0-180055,NULL,NULL,NULL,429
442,79302001,79968982047,CIF000156,NGUYỄN THỊ ĐỨC HẠNH,12/14/2023,11/28/1997,16467831,CN,ID01,11/15/2017,79,QUẬN THỦ ĐƯC - TP. HỒ CHÍ MINH,NULL,NULL,NULL,CASA0-180056,NULL,NULL,NULL,682
443,79302001,79968982041,CIF000157,NGUYỄN MINH VĂN,12/15/2023,10/5/1998,16467825,CN,ID01,9/25/2018,79,QUẬN 12 - TP. HỒ CHÍ MINH,NULL,NULL,NULL,CASA0-180057,NULL,NULL,NULL,681
444,87343001,79968982054,CIF000158,TRẦN HUY ANH,12/16/2023,11/13/1997,16467838,CN,ID01,8/28/2017,87,ĐỒNG THÁP,NULL,NULL,NULL,CASA0-180058,NULL,NULL,NULL,851
445,22302003,79968982069,CIF000159,HOÀNG ĐỨC TRỌNG,12/16/2023,2/1/1998,16467853,CN,ID01,9/21/2017,22,HẠ LONG - QUẢNG NINH,NULL,NULL,NULL,CASA0-180059,NULL,NULL,NULL,852
446,19302001,79968982066,CIF000160,LÊ HOÀNG TRÂN CHÂU,12/18/2023,2/1/1998,16467850,CN,ID01,9/21/2017,19,THÀNH PHỐ THÁI NGUYÊN,NULL,NULL,NULL,CASA0-180060,NULL,NULL,NULL,853
447,38302001,79968982072,CIF000161,NGUYỄN MINH QUÂN,12/27/2023,8/25/1993,16467856,CN,ID01,9/1/2013,38,THANH HOA,NULL,NULL,NULL,CASA0-180061,NULL,NULL,NULL,854
448,68302001,79968982074,CIF000162,NGUYỄN HẢI TIẾN,1/2/2024,9/16/1994,16467858,CN,ID01,9/1/2014,68,"PHƯỜNG 2 TP ĐÀ LẠT, TỈNH LÂM ĐỒNG",NULL,NULL,NULL,CASA0-180062,NULL,NULL,NULL,855
449,22302001,79968982068,CIF000163,ĐỖ XUÂN THÁI,1/5/2024,3/28/1999,16467852,CN,ID02,4/11/2018,22,HẠ LONG - QUẢNG NINH,NULL,NULL,NULL,CASA0-180063,NULL,NULL,NULL,61
450,79302001,79968982046,CIF000164,NGUYỄN THỊ BÉ,1/6/2024,8/25/1993,16467830,CN,ID01,8/12/2013,79,QUẬN THỦ ĐƯC - TP. HỒ CHÍ MINH,NULL,NULL,NULL,CASA0-180064,NULL,NULL,NULL,682
451,22302003,79968982070,CIF000165,ĐINH QUỐC TRÍ,1/8/2024,6/13/1988,16467854,CN,ID01,6/28/2007,22,HẠ LONG - QUẢNG NINH,NULL,NULL,NULL,CASA0-180065,NULL,NULL,NULL,61
452,48302002,79968982113,CIF000166,LÊ VĂN KỶ ,1/8/2024,1/27/1987,16467897,CN,ID01,2/6/2006,48,THÀNH PHỐ HẢI PHÒNG,NULL,NULL,NULL,CASA0-180066,NULL,NULL,NULL,410
453,52302001,79968982114,CIF000167,VÕ TRẦN PHONG,1/10/2024,6/18/1989,16467898,CN,ID02,6/28/2008,52,THÀNH PHỐ HỒ CHÍ MINH,NULL,NULL,NULL,CASA0-180067,NULL,NULL,NULL,410
454,54302001,79968982115,CIF000168,TRẦN VĂN DŨNG ,1/11/2024,4/21/1990,16467899,CN,ID02,5/1/2009,54,THÀNH PHỐ HÀ NỘI,NULL,NULL,NULL,CASA0-180068,NULL,NULL,NULL,861
455,56302001,79968982116,CIF000169,LƯƠNG ĐÌNH TỨ ,1/12/2024,5/5/1982,16467900,CN,ID01,5/15/2001,56,THÀNH PHỐ HẢI PHÒNG,NULL,NULL,NULL,CASA0-180069,NULL,NULL,NULL,862
456,56343001,79968982117,CIF000170,TRẦN THU THANH,1/13/2024,9/19/1982,16467901,CN,ID02,9/29/2001,56,TỈNH AN GIANG,NULL,NULL,NULL,CASA0-180070,NULL,NULL,NULL,869
457,1302003,79968982032,CIF000171,LÊ TÙNG ANH,1/20/2024,1/25/1995,16467816,CN,ID01,2/4/2015,33,NGUYỄN TRÃI - THANH XUÂN - HÀ NỘI,NULL,NULL,NULL,CASA0-180071,NULL,NULL,NULL,851
458,79302001,79968982048,CIF000172,NGUYỄN THỊ HƯƠNG MAI,1/20/2024,9/6/1994,16467832,CN,ID01,8/24/2014,79,QUẬN THỦ ĐỨC - TP. HỒ CHÍ MINH,NULL,NULL,NULL,CASA0-180072,NULL,NULL,NULL,852
459,1302003,79968982031,CIF000173,LÊ HOÀNG NAM,1/25/2024,6/28/1993,16467815,CN,ID01,7/8/2013,1,NGUYỄN TRÃI - THANH XUÂN - HÀ NỘI,NULL,NULL,NULL,CASA0-180073,NULL,NULL,NULL,853
460,31302003,79968982053,CIF000174,LÊ CAO NAM KHÁNH,1/31/2024,6/11/1996,16467837,CN,ID01,3/26/2016,48,ĐÀ NẴNG,NULL,NULL,NULL,CASA0-180074,NULL,NULL,NULL,854
461,1302003,79968982029,CIF000175,NGUYỄN HOÀNG TÙNG,2/1/2024,1/16/1998,16467813,CN,ID01,1/26/2018,25,NAM ĐỒNG - ĐỐNG ĐA - HÀ NỘI,NULL,NULL,NULL,CASA0-180075,NULL,NULL,NULL,855
462,79302001,79968982040,CIF000176,NGUYỄN THỊ HỒNG TIẾN,2/1/2024,9/16/1993,16467824,CN,ID04,9/6/2013,79,QUẬN BÌNH THẠNH - TP. HỒ CHÍ MINH,NULL,NULL,NULL,CASA0-180076,NULL,NULL,NULL,682
463,68343001,79968982076,CIF000177,ĐỖ THỊ QUỲNH NGÂN,2/8/2024,12/4/1999,16467860,CN,ID01,9/17/2019,68,TRẦN PHÚ -  TP ĐÀ LẠT - LÂM ĐỒNG,NULL,NULL,NULL,CASA0-180077,NULL,NULL,NULL,431
464,68343001,79968982075,CIF000178,HOÀNG VÂN QUYỀN,2/9/2024,1/21/1991,16467859,CN,ID01,12/29/2010,68,TRẦN PHÚ -  TP ĐÀ LẠT - LÂM ĐỒNG,NULL,NULL,NULL,CASA0-180078,NULL,NULL,NULL,429
465,19302001,79968982067,CIF000179,ĐẶNG QUỐC BẢO,2/16/2024,6/13/1988,16467851,CN,ID01,6/28/2007,19,SÔNG CÔNG - THÁI NGUYÊN,NULL,NULL,NULL,CASA0-180079,NULL,NULL,NULL,15
466,1302003,79968982036,CIF000180,LÊ NHẬT MINH,2/18/2024,5/31/1996,16467820,CN,ID01,3/2/2016,1,THANH XUÂN - HÀ NỘI,NULL,NULL,NULL,CASA0-180080,NULL,NULL,NULL,433
467,31302003,79968982050,CIF000181,VŨ VIỆT HOÀNG,2/18/2024,12/14/1999,16467834,CN,ID01,9/27/2019,48,ĐÀ NẴNG,NULL,NULL,NULL,CASA0-180081,NULL,NULL,NULL,15
468,66302001,79968982073,CIF000182,ĐẶNG THỊ THU HÀ,2/22/2024,12/8/1997,16467857,CN,ID01,11/13/2017,66,PHƯỜNG TÂN TIẾN-TP BUÔN MÊ THUỘT-TỈNH ĐĂK LĂK,NULL,NULL,NULL,CASA0-180082,NULL,NULL,NULL,682
469,80302001,79968982118,CIF000183,LÊ THU THÙY,3/1/2024,11/4/1984,16467902,CN,ID01,11/15/2003,80,THÀNH PHỐ HẢI PHÒNG,NULL,NULL,NULL,CASA0-180083,NULL,NULL,NULL,469
470,89343003,79968982119,CIF000184,TRẦN VĂN VIỆT,3/2/2024,8/30/1985,16467903,CN,ID02,9/9/2004,89,THÀNH PHỐ HẢI PHÒNG,NULL,NULL,NULL,CASA0-180084,NULL,NULL,NULL,410
471,91343001,79968982120,CIF000185,LÊ DIỆU HƯƠNG,3/4/2024,2/24/1989,16467904,CN,ID01,3/6/2008,91,THÀNH PHỐ HÀ NỘI,NULL,NULL,NULL,CASA0-180085,NULL,NULL,NULL,861
472,92343001,79968982121,CIF000186,LÊ THU LUẬN ,3/5/2024,9/28/1984,16467905,CN,ID02,10/9/2003,92,THÀNH PHỐ HẢI PHÒNG,NULL,NULL,NULL,CASA0-180086,NULL,NULL,NULL,862
473,1302003,79968982033,CIF000187,NGUYỄN HOÀNG THỦY TIÊN,3/7/2024,12/11/1990,16467817,CN,ID01,12/21/2010,1,NAM ĐỒNG - ĐỐNG ĐA - HÀ NỘI,NULL,NULL,NULL,CASA0-180087,NULL,NULL,NULL,869
474,79302001,79968982039,CIF000188,TRẦN VĂN MINH,3/7/2024,11/16/1996,16467823,CN,ID01,8/18/2016,79,QUẬN HAI - TP. HỒ CHÍ MINH,NULL,NULL,NULL,CASA0-180088,NULL,NULL,NULL,681
475,38302001,79968982071,CIF000189,PHAN ANH TÙNG DƯƠNG,3/8/2024,5/3/1996,16467855,CN,ID01,4/22/2016,38,THANH HÓA,NULL,NULL,NULL,CASA0-180089,NULL,NULL,NULL,681
476,1302003,79968982037,CIF000190,LÊ NGỌC LINH,3/10/2024,11/20/1998,16467821,CN,ID01,8/22/2018,33,TÔN ĐỨC THẮNG - ĐỐNG ĐA - HÀ NỘI,NULL,NULL,NULL,CASA0-180090,NULL,NULL,NULL,681
477,31302003,79968982051,CIF000191,PHÙNG MẠNH DŨNG,3/10/2024,4/23/1997,16467835,CN,ID01,2/5/2017,48,ĐÀ NẴNG,NULL,NULL,NULL,CASA0-180091,NULL,NULL,NULL,432
478,87343001,79968982055,CIF000192,NGUYỄN TRUNG KHÁNH,3/10/2024,12/3/1993,16467839,CN,ID01,9/17/2013,87,CAO LÃNH - ĐỒNG THÁP,NULL,NULL,NULL,CASA0-180092,NULL,NULL,NULL,681
479,79302001,79968982043,CIF000193,VŨ MINH LONG,3/15/2024,11/16/1993,16467827,CN,ID01,11/6/2013,79,QUẬN THỦ ĐƯC - TP. HỒ CHÍ MINH,NULL,NULL,NULL,CASA0-180093,NULL,NULL,NULL,681
480,79302001,79968982045,CIF000194,ĐỖ THỊ HOA,3/18/2024,5/3/1996,16467829,CN,ID01,4/20/2016,79,QUẬN THỦ ĐƯC - TP. HỒ CHÍ MINH,NULL,NULL,NULL,CASA0-180094,NULL,NULL,NULL,681
481,79302001,79968982044,CIF000195,NGUYỄN HỒNG QUÂN,4/10/2024,9/13/1993,16467828,CN,ID01,9/3/2013,79,QUẬN THỦ ĐƯC - TP. HỒ CHÍ MINH,NULL,NULL,NULL,CASA0-180095,NULL,NULL,NULL,851
482,27302001,79968982122,CIF000196,MAI ANH BẢO,5/1/2024,9/28/1984,16467906,CN,ID01,10/9/2003,27,THÀNH PHỐ HẢI PHÒNG,NULL,NULL,NULL,CASA0-180096,NULL,NULL,NULL,852
483,31343001,79968982123,CIF000197,LÊ KHẮC HẢI,5/2/2024,1/27/1980,16467907,CN,ID01,2/6/1999,31,THÀNH PHỐ HẢI PHÒNG,NULL,NULL,NULL,CASA0-180097,NULL,NULL,NULL,853
484,35302001,79968982124,CIF000198,LÊ THU KIM,5/3/2024,1/27/1980,16467908,CN,ID02,2/6/1999,35,THÀNH PHỐ HỒ CHÍ MINH,NULL,NULL,NULL,CASA0-180098,NULL,NULL,NULL,854
485,42302001,79968982125,CIF000199,TRẦN HỒNG ANH,5/4/2024,2/16/1983,16467909,CN,ID01,2/26/2002,42,THÀNH PHỐ HÀ NỘI,NULL,NULL,NULL,CASA0-180099,NULL,NULL,NULL,855
486,44302001,79968982126,CIF000200,ĐẶNG CHÍ KIÊN,5/5/2024,6/9/1975,16467910,CN,ID02,6/19/1994,44,THÀNH PHỐ HÀ NỘI,NULL,NULL,NULL,CASA0-180100,NULL,NULL,NULL,453
487,48302002,79968982127,CIF000201,PHẠM LAM SƠN,5/6/2024,6/9/1975,16467911,CN,ID02,6/19/1994,48,THÀNH PHỐ HẢI PHÒNG,NULL,NULL,NULL,CASA0-180101,NULL,NULL,NULL,15
488,48343001,79968982128,CIF000202,TRẦN THU ÁNH,5/7/2024,12/3/1981,16467912,CN,ID01,12/13/2000,48,THÀNH PHỐ HỒ CHÍ MINH,NULL,NULL,NULL,CASA0-180102,NULL,NULL,NULL,410
489,52302001,79968982129,CIF000203,ĐÀO QUANG TUYNH,5/8/2024,12/3/1981,16467913,CN,ID02,12/13/2000,52,THÀNH PHỐ HẢI PHÒNG,NULL,NULL,NULL,CASA0-180103,NULL,NULL,NULL,861
490,54302001,79968982130,CIF000204,ĐỖ VĂN HƯNG,5/9/2024,12/3/1981,16467914,CN,ID01,12/13/2000,54,THÀNH PHỐ HẢI PHÒNG,NULL,NULL,NULL,CASA0-180104,NULL,NULL,NULL,862
491,56302001,79968982131,CIF000205,ĐỖ THU DƯƠNG ,5/10/2024,12/3/1981,16467915,CN,ID01,12/13/2000,56,THÀNH PHỐ HÀ NỘI,NULL,NULL,NULL,CASA0-180105,NULL,NULL,NULL,869
492,60302001,79968982132,CIF000206,LÊ TRƯỜNG THU,5/12/2024,12/3/1981,16467916,CN,ID02,12/13/2000,60,THÀNH PHỐ HỒ CHÍ MINH,NULL,NULL,NULL,CASA0-180106,NULL,NULL,NULL,681
493,75302001,79968982133,CIF000207,LẠI THU THẢO,5/14/2024,12/3/1981,16467917,CN,ID02,12/13/2000,75,THÀNH PHỐ HỒ CHÍ MINH,NULL,NULL,NULL,CASA0-180107,NULL,NULL,NULL,15
494,89343003,79968982134,CIF000208,LÊ PHÚ DŨNG ,5/17/2024,11/10/1983,16467918,CN,ID02,11/20/2002,89,THÀNH PHỐ HÀ NỘI,NULL,NULL,NULL,CASA0-180108,NULL,NULL,NULL,478
495,96343001,79968982135,CIF000209,LÊ THU TÁM,5/21/2024,11/10/1983,16467919,CN,ID02,11/20/2002,96,THÀNH PHỐ ĐÀ NẴNG,NULL,NULL,NULL,CASA0-180109,NULL,NULL,NULL,410
496,25302001,79968982136,CIF000210,TRẦN THU BẨY,5/22/2024,10/19/1975,16467920,CN,ID02,10/29/1994,25,THÀNH PHỐ HÀ NỘI,NULL,NULL,NULL,CASA0-180110,NULL,NULL,NULL,464
497,1302003,79968982030,CIF000211,NGUYỄN HOÀNG VIỆT,5/26/2024,12/25/1996,16467814,CN,ID01,1/4/2017,1,THANH XUÂN - HÀ NỘI,NULL,NULL,NULL,CASA0-180111,NULL,NULL,NULL,432
498,35302001,79968982137,CIF000212,LÊ HỒNG ANH,6/12/2024,10/19/1975,16467921,CN,ID02,10/29/1994,35,TỈNH GIA LAI,NULL,NULL,NULL,CASA0-180112,NULL,NULL,NULL,851
499,42302001,79968982138,CIF000213,PHÙNG TIẾN DŨNG,6/13/2024,8/23/1989,16467922,CN,ID01,9/2/2008,42,THÀNH PHỐ HÀ NỘI,NULL,NULL,NULL,CASA0-180113,NULL,NULL,NULL,852
500,44302001,79968982139,CIF000214,ĐẶNG THU HẰNG NGA,6/14/2024,8/23/1989,16467923,CN,ID02,9/2/2008,44,THÀNH PHỐ HÀ NỘI,NULL,NULL,NULL,CASA0-180114,NULL,NULL,NULL,853
501,48302002,79968982140,CIF000215,TRẦN THU LAN,6/15/2024,4/10/1985,16467924,CN,ID02,4/20/2004,48,THÀNH PHỐ HỒ CHÍ MINH,NULL,NULL,NULL,CASA0-180115,NULL,NULL,NULL,854
502,48343001,79968982141,CIF000216,DƯƠNG VĂN BÌNH,6/16/2024,7/4/1984,16467925,CN,ID02,7/15/2003,48,THÀNH PHỐ HÀ NỘI,NULL,NULL,NULL,CASA0-180116,NULL,NULL,NULL,855
503,56302001,79968982142,CIF000217,LÊ ĐÌNH KHƯƠNG,6/19/2024,7/4/1984,16467926,CN,ID01,7/15/2003,56,THÀNH PHỐ HẢI PHÒNG,NULL,NULL,NULL,CASA0-180117,NULL,NULL,NULL,681
504,72302001,79968982143,CIF000218,LÊ QUANG PHƯƠNG,6/22/2024,5/3/1979,16467927,CN,ID01,5/13/1998,72,THÀNH PHỐ HÀ NỘI,NULL,NULL,NULL,CASA0-180118,NULL,NULL,NULL,410
505,80302001,79968982144,CIF000219,TRƯƠNG ĐÌNH HÀO,6/25/2024,6/19/1985,16467928,CN,ID01,6/29/2004,80,TỈNH AN GIANG,NULL,NULL,NULL,CASA0-180119,NULL,NULL,NULL,861
506,25302001,79968982077,CIF000220,LÊ ĐÌNH THANH HƯNG,7/11/2024,6/18/1982,16467861,CN,ID01,6/28/2001,25,THÀNH PHỐ CẦN THƠ,NULL,NULL,NULL,CASA0-180120,NULL,NULL,NULL,862
507,91302001,79968982145,CIF000221,LÊ THU THÙY,7/14/2024,6/19/1985,16467929,CN,ID01,6/29/2004,91,THÀNH PHỐ HỒ CHÍ MINH,NULL,NULL,NULL,CASA0-180121,NULL,NULL,NULL,869
508,96343001,79968982146,CIF000222,PHAN CẢNH DUY,7/17/2024,6/19/1985,16467930,CN,ID01,6/29/2004,96,THÀNH PHỐ HỒ CHÍ MINH,NULL,NULL,NULL,CASA0-180122,NULL,NULL,NULL,464
509,26302001,79968982147,CIF000223,PHẠM THU HUỆ,7/19/2024,12/10/1988,16467931,CN,ID01,12/21/2007,26,THÀNH PHỐ HÀ NỘI,NULL,NULL,NULL,CASA0-180123,NULL,NULL,NULL,478
510,27302001,79968982148,CIF000224,CAO ĐÌNH LỢI,7/20/2024,4/27/1979,16467932,CN,ID01,5/7/1998,27,TỈNH HÀ TÂY,NULL,NULL,NULL,CASA0-180124,NULL,NULL,NULL,561
511,35302001,79968982149,CIF000225,ĐÀO DUY HẬU ,7/22/2024,1/30/1989,16467933,CN,ID01,2/10/2008,35,THÀNH PHỐ HẢI PHÒNG,NULL,NULL,NULL,CASA0-180125,NULL,NULL,NULL,477
512,44302001,79968982150,CIF000226,LÊ ĐỨC TÂN,7/24/2024,9/18/1935,16467934,CN,ID01,9/28/1954,44,THÀNH PHỐ HÀ NỘI,NULL,NULL,NULL,CASA0-180126,NULL,NULL,NULL,952
513,48302002,79968982151,CIF000227,ĐINH THU DUYÊN,7/25/2024,6/21/1991,16467935,CN,ID02,7/1/2010,48,THÀNH PHỐ HẢI PHÒNG,NULL,NULL,NULL,CASA0-180127,NULL,NULL,NULL,469
514,48343001,79968982152,CIF000228,LÊ THU THUYÊN,7/26/2024,11/13/1980,16467936,CN,ID02,11/24/1999,48,THÀNH PHỐ HÀ NỘI,NULL,NULL,NULL,CASA0-180128,NULL,NULL,NULL,851
515,52302001,79968982153,CIF000229,QUÁCH VĂN TIẾN ,7/27/2024,9/18/1986,16467937,CN,ID02,9/28/2005,52,THÀNH PHỐ HẢI PHÒNG,NULL,NULL,NULL,CASA0-180129,NULL,NULL,NULL,852
516,75302001,79968982154,CIF000230,TRỊNH XUÂN BÌNH,8/2/2024,10/4/1984,16467938,CN,ID01,10/15/2003,75,THÀNH PHỐ HÀ NỘI,NULL,NULL,NULL,CASA0-180130,NULL,NULL,NULL,853
517,79343002,79968982155,CIF000231,QUÁCH VĂN TRÍ,8/3/2024,12/10/1987,16467939,CN,ID02,12/20/2006,79,THÀNH PHỐ HẢI PHÒNG,NULL,NULL,NULL,CASA0-180131,NULL,NULL,NULL,854
518,80302001,79968982156,CIF000232,LÊ TRỌNG CHIỀU,8/4/2024,8/5/1990,16467940,CN,ID02,8/15/2009,80,BỘ QUỐC PHÒNG,NULL,NULL,NULL,CASA0-180132,NULL,NULL,NULL,855
519,89343003,79968982157,CIF000233,LÊ QUANG LONG,8/5/2024,6/20/1979,16467941,CN,ID02,6/30/1998,89,THÀNH PHỐ HẢI PHÒNG,NULL,NULL,NULL,CASA0-180133,NULL,NULL,NULL,561
520,91343001,79968982158,CIF000234,ĐỖ CÔNG CHẤT,8/7/2024,5/17/1984,16467942,CN,ID01,5/28/2003,91,THÀNH PHỐ CẦN THƠ,NULL,NULL,NULL,CASA0-180134,NULL,NULL,NULL,561
521,92343001,79968982159,CIF000235,LÊ THU THU THỦY,8/26/2024,6/27/1987,16467943,CN,ID01,7/7/2006,92,THÀNH PHỐ HÀ NỘI,NULL,NULL,NULL,CASA0-180135,NULL,NULL,NULL,861
522,27302001,79968982160,CIF000236,TRẦN THU THƠM,8/30/2024,2/25/1977,16467944,CN,ID01,3/7/1996,27,THÀNH PHỐ HẢI PHÒNG,NULL,NULL,NULL,CASA0-180136,NULL,NULL,NULL,862
523,42302001,79968982161,CIF000237,BÙI VĂN BẮC,9/2/2024,10/18/1987,16467945,CN,ID01,10/28/2006,42,THÀNH PHỐ HẢI PHÒNG,NULL,NULL,NULL,CASA0-180137,NULL,NULL,NULL,869
524,91343001,79968982162,CIF000238,TRẦN CHÍ HƯỚNG,9/17/2024,11/26/1990,16467946,CN,ID01,12/6/2009,91,THÀNH PHỐ HẢI PHÒNG,NULL,NULL,NULL,CASA0-180138,NULL,NULL,NULL,731
525,25302001,79968982163,CIF000239,LÊ VĂN QUẢNG,9/20/2024,4/7/1990,16467947,CN,ID01,4/17/2009,25,THÀNH PHỐ HẢI PHÒNG,NULL,NULL,NULL,CASA0-180139,NULL,NULL,NULL,561
526,26302001,79968982164,CIF000240,ĐẶNG BÁ DUY,9/21/2024,6/21/1974,16467948,CN,ID02,7/1/1993,26,THÀNH PHỐ HẢI PHÒNG,NULL,NULL,NULL,CASA0-180140,NULL,NULL,NULL,851
527,27302001,79968982165,CIF000241,LÊ THU NGÂN,9/22/2024,3/1/1991,16467949,CN,ID02,3/11/2010,27,THÀNH PHỐ HẢI PHÒNG,NULL,NULL,NULL,CASA0-180141,NULL,NULL,NULL,852
528,31343001,79968982166,CIF000242,LÊ HẢI TUYẾN,9/23/2024,5/11/1991,16467950,CN,ID02,5/21/2010,31,THÀNH PHỐ HẢI PHÒNG,NULL,NULL,NULL,CASA0-180142,NULL,NULL,NULL,853
529,42302001,79968982167,CIF000243,LÊ THU MINH THÚY,9/25/2024,6/24/1976,16467951,CN,ID02,7/5/1995,42,THÀNH PHỐ HẢI PHÒNG,NULL,NULL,NULL,CASA0-180143,NULL,NULL,NULL,854
530,52302001,79968982168,CIF000244,PHẠM THU KHƯƠNG,9/29/2024,9/13/1991,16467952,CN,ID02,9/23/2010,52,THÀNH PHỐ HẢI PHÒNG,NULL,NULL,NULL,CASA0-180144,NULL,NULL,NULL,855
531,60302001,79968982169,CIF000245,LÊ VĂN TRẦN,10/3/2024,1/22/1983,16467953,CN,ID02,2/1/2002,60,THÀNH PHỐ HỒ CHÍ MINH,NULL,NULL,NULL,CASA0-180145,NULL,NULL,NULL,561
532,91343001,79968982170,CIF000246,THÁI SƠN TRẦN,10/10/2024,5/18/1979,16467954,CN,ID02,5/28/1998,91,THÀNH PHỐ HỒ CHÍ MINH,NULL,NULL,NULL,CASA0-180146,NULL,NULL,NULL,681
533,96343001,79968982171,CIF000247,LÊ ĐỨC THIỆN,10/12/2024,12/16/1981,16467955,CN,ID02,12/26/2000,96,THÀNH PHỐ HÀ NỘI,NULL,NULL,NULL,CASA0-180147,NULL,NULL,NULL,469
534,25302001,79968982172,CIF000248,LÊ NGỌC HẢI,10/13/2024,9/19/1982,16467956,CN,ID02,9/29/2001,25,THÀNH PHỐ HÀ NỘI,NULL,NULL,NULL,CASA0-180148,NULL,NULL,NULL,861
535,26302001,79968982173,CIF000249,LÊ HOÀI PHƯƠNG,10/14/2024,6/29/1990,16467957,CN,ID02,7/9/2009,26,TỈNH HÀ TÂY,NULL,NULL,NULL,CASA0-180149,NULL,NULL,NULL,862
536,31343001,79968982174,CIF000250,PHẠM MẠNH HÙNG,10/16/2024,11/22/1989,16467958,CN,ID01,12/2/2008,31,THÀNH PHỐ HẢI PHÒNG,NULL,NULL,NULL,CASA0-180150,NULL,NULL,NULL,869
537,35302001,79968982175,CIF000251,HÀ VIỆT ANH,10/17/2024,11/7/1990,16467959,CN,ID02,11/17/2009,35,THÀNH PHỐ HÀ NỘI,NULL,NULL,NULL,CASA0-180151,NULL,NULL,NULL,952
538,42302001,79968982176,CIF000252,HÀN THU THU HIỀN,10/18/2024,9/25/1987,16467960,CN,ID02,10/5/2006,42,THÀNH PHỐ HỒ CHÍ MINH,NULL,NULL,NULL,CASA0-180152,NULL,NULL,NULL,851
539,44302001,79968982177,CIF000253,LÊ ĐÌNH VINH,10/19/2024,9/8/1985,16467961,CN,ID01,9/18/2004,44,THÀNH PHỐ HÀ NỘI,NULL,NULL,NULL,CASA0-180153,NULL,NULL,NULL,852
540,48302002,79968982178,CIF000254,BÙI AN GIANG,10/20/2024,4/10/1986,16467962,CN,ID02,4/20/2005,48,THÀNH PHỐ HÀ NỘI,NULL,NULL,NULL,CASA0-180154,NULL,NULL,NULL,853
541,48343001,79968982179,CIF000255,VŨ THU THANH NHÀN,10/21/2024,4/10/1991,16467963,CN,ID02,4/20/2010,48,THÀNH PHỐ HÀ NỘI,NULL,NULL,NULL,CASA0-180155,NULL,NULL,NULL,854
542,52302001,79968982180,CIF000256,TẠ NGỌC THƯỞNG,10/22/2024,11/22/1978,16467964,CN,ID02,12/2/1997,52,THÀNH PHỐ HỒ CHÍ MINH,NULL,NULL,NULL,CASA0-180156,NULL,NULL,NULL,855
543,54302001,79968982181,CIF000257,LÊ THU TOAN,10/23/2024,3/21/1985,16467965,CN,ID02,3/31/2004,54,THÀNH PHỐ HẢI PHÒNG,NULL,NULL,NULL,CASA0-180157,NULL,NULL,NULL,469
544,75302001,79968982182,CIF000258,TRẦN THU YẾN HẰNG,10/28/2024,5/23/1986,16467966,CN,ID02,6/2/2005,75,TỈNH NAM ĐỊNH,NULL,NULL,NULL,CASA0-180158,NULL,NULL,NULL,952
